144.45241,102.41511,54.136776,28.957436,14.466762,9.038737,5.619321,3.2998564,1.8173122,1.2912482,0.95648015,0.7890961,0.43041605,0.38259205,0.16738403,0.23912004,0.047824007,0.023912003,0.09564801,0.07173601,0,0.023912003,0,0,0,0,0,0,0,0,0,0,0,0,0,0,0,0,0,0,0,0,0,0,0,0,0,0,0,0,0,0,0,0,0,0,0,0,0,0,0,0,0,0,0,0,0,0,0,0,0,0,0,0,0,0,0,0,0,0,0,0,0,0,0,0,0,0,0,0,0,0,0,0,0,0,0,0,0,0,0,0,0,0,0,0,0,0,0,0,0,0,0,0,0,0,0,0,0,0,0,0,0,0,0,0,0,0,0,0,0,0,0,0,0,0,0,0,0,0,0,0,0,0,0,0,0,0,0,0,0,0,0,0,0,0,0,0,0,0,0,0,0,0,0,0,0,0,0,0,0,0,0,0,0,0,0,0,0,0,0,0,0,0,0,0,0,0,0,0,0,0,0,0,0,0,0,0,0,0,0,0,0,0,0,0,0,0,0,0,0,0,0,0,0,0,0,0,0,0,0,0,0,0,0,0,0,0,0,0,0,0,0,0,0,0,0,0,0,0,0,0,0,0,0,0,0,0,0,0,0,0,0,0,0,207.23451,164.43639,91.51141,39.20261,14.324031,6.988039,3.6824937,2.203697,0.9568684,0.6669083,0.49293223,0.26096413,0.028996013,0.08698804,0.028996013,0,0,0,0,0,0.057992026,0,0,0,0,0,0,0,0,0,0,0,0,0,0,0,0,0,0,0,0,0,0,0,0,0,0,0,0,0,0,0,0,0,0,0,0,0,0,0,0,0,0,0,0,0,0,0,0,0,0,0,0,0,0,0,0,0,0,0,0,0,0,0,0,0,0,0,0,0,0,0,0,0,0,0,0,0,0,0,0,0,0,0,0,0,0,0,0,0,0,0,0,0,0,0,0,0,0,0,0,0,0,0,0,0,0,0,0,0,0,0,0,0,0,0,0,0,0,0,0,0,0,0,0,0,0,0,0,0,0,0,0,0,0,0,0,0,0,0,0,0,0,0,0,0,0,0,0,0,0,0,0,0,0,0,0,0,0,0,0,0,0,0,0,0,0,0,0,0,0,0,0,0,0,0,0,0,0,0,0,0,0,0,0,0,0,0,0,0,0,0,0,0,0,0,0,0,0,0,0,0,0,0,0,0,0,0,0,0,0,0,0,0,0,0,0,0,0,0,0,0,0,0,0,0,0,0,0,0,0,0,0,0,0,161.97325,140.71625,92.67942,57.126423,32.475193,17.057386,8.744427,5.0337987,2.761398,2.099813,0.86293685,0.63282037,0.63282037,0.43146843,0.2301165,0.2301165,0.2301165,0.31641018,0.11505825,0.08629369,0.11505825,0.057529125,0.028764563,0.028764563,0.028764563,0.028764563,0,0,0,0,0,0,0,0,0,0,0,0,0,0,0,0,0,0,0,0,0,0,0,0,0,0,0,0,0,0,0,0,0,0,0,0,0,0,0,0,0,0,0,0,0,0,0,0,0,0,0,0,0,0,0,0,0,0,0,0,0,0,0,0,0,0,0,0,0,0,0,0,0,0,0,0,0,0,0,0,0,0,0,0,0,0,0,0,0,0,0,0,0,0,0,0,0,0,0,0,0,0,0,0,0,0,0,0,0,0,0,0,0,0,0,0,0,0,0,0,0,0,0,0,0,0,0,0,0,0,0,0,0,0,0,0,0,0,0,0,0,0,0,0,0,0,0,0,0,0,0,0,0,0,0,0,0,0,0,0,0,0,0,0,0,0,0,0,0,0,0,0,0,0,0,0,0,0,0,0,0,0,0,0,0,0,0,0,0,0,0,0,0,0,0,0,0,0,0,0,0,0,0,0,0,0,0,0,0,0,0,0,0,0,0,0,0,0,0,0,0,0,0,0,0,0,0,0,0,0,0,0
49.085133,48.033306,45.907745,40.977318,31.64238,24.893173,17.267448,12.709543,8.940506,7.1655526,4.777035,3.7032979,2.7391257,2.4980826,1.3805193,1.0299113,0.59165114,0.30678207,0.17530404,0.15339103,0.15339103,0.19721705,0.021913005,0.021913005,0.021913005,0.021913005,0.04382601,0,0,0,0,0,0,0,0,0,0,0,0,0,0,0,0,0,0,0,0,0,0,0,0,0,0,0,0,0,0,0,0,0,0,0,0,0,0,0,0,0,0,0,0,0,0,0,0,0,0,0,0,0,0,0,0,0,0,0,0,0,0,0,0,0,0,0,0,0,0,0,0,0,0,0,0,0,0,0,0,0,0,0,0,0,0,0,0,0,0,0,0,0,0,0,0,0,0,0,0,0,0,0,0,0,0,0,0,0,0,0,0,0,0,0,0,0,0,0,0,0,0,0,0,0,0,0,0,0,0,0,0,0,0,0,0,0,0,0,0,0,0,0,0,0,0,0,0,0,0,0,0,0,0,0,0,0,0,0,0,0,0,0,0,0,0,0,0,0,0,0,0,0,0,0,0,0,0,0,0,0,0,0,0,0,0,0,0,0,0,0,0,0,0,0,0,0,0,0,0,0,0,0,0,0,0,0,0,0,0,0,0,0,0,0,0,0,0,0,0,0,0,0,0,0,0,0,0,114.173615,115.25257,115.74301,112.50613,106.71898,88.67091,80.52967,81.31437,68.56302,70.72094,81.21628,90.73075,97.69495,101.422264,123.68808,127.4154,130.06375,126.14026,129.08289,120.35311,122.0206,102.89357,103.187836,89.35753,72.48651,57.086807,34.13438,24.619911,19.715546,18.14615,11.770475,7.6508093,4.1196666,1.667484,1.4713094,0.8827857,0.098087296,0,0,0,0,0,0,0,0,0,0,0,0,0,0,0,0,0,0,0,0,0,0,0,0,0,0,0,0,0,0,0,0,0,0,0,0,0,0,0,0,0,0,0,0,0,0,0,0,0,0,0,0,0,0,0,0,0,0,0,0,0,0,0,0,0,0,0,0,0,0,0,0,0,0,0,0,0,0,0,0,0,0,0,0,0,0,0,0,0,0,0,0,0,0,0,0,0,0,0,0,0,0,0,0,0,0,0,0,0,0,0,0,0,0,0,0,0,0,0,0,0,0,0,0,0,0,0,0,0,0,0,0,0,0,0,0,0,0,0,0,0,0,0,0,0,0,0,0,0,0,0,0,0,0,0,0,0,0,0,0,0,0,0,0,0,0,0,0,0,0,0,0,0,0,0,0,0,0,0,0,0,0,0,0,0,0,0,0,0,0,0,0,0,0,0,0,0,0,0,0,0,0,0,0,0,0,0,0,0,0,0,0,0,0,0,0,0,0,68.912056,65.81128,68.644745,71.638596,64.902435,75.70168,79.06977,78.85592,68.53783,60.89281,53.72895,48.382786,46.56509,38.06469,41.96739,38.38546,37.690456,32.183907,34.10853,35.1243,30.152365,24.43197,20.261963,18.016573,16.252338,14.488105,12.296178,12.777332,12.670409,12.02887,8.286554,7.16386,4.8650093,3.7957766,4.009623,3.8492382,2.4057739,1.1226945,0.3742315,0.2673082,0,0,0,0,0,0,0,0,0,0,0,0,0,0,0,0,0,0,0,0,0,0,0,0,0,0,0,0,0,0,0,0,0,0,0,0,0,0,0,0,0,0,0,0,0,0,0,0,0,0,0,0,0,0,0,0,0,0,0,0,0,0,0,0,0,0,0,0,0,0,0,0,0,0,0,0,0,0,0,0,0,0,0,0,0,0,0,0,0,0,0,0,0,0,0,0,0,0,0,0,0,0,0,0,0,0,0,0,0,0,0,0,0,0,0,0,0,0,0,0,0,0,0,0,0,0,0,0,0,0,0,0,0,0,0,0,0,0,0,0,0,0,0,0,0,0,0,0,0,0,0,0,0,0,0,0,0,0,0,0,0,0,0,0,0,0,0,0,0,0,0,0,0,0,0,0,0,0,0,0,0,0,0,0,0,0,0,0,0,0,0,0,0,0,0,0,0,0,0,0,0,0,0,0,0,0,0,0,0,0,0,0,0,0,0,5,0,0
113.28939,129.19414,150.03189,159.89793,160.6634,165.17117,151.56284,149.26643,148.41591,153.43398,157.34637,126.38741,111.843506,87.60366,64.21433,50.435894,42.270893,37.593025,31.63938,26.196045,22.793962,18.371252,14.118648,13.098022,7.994897,7.2294283,4.592813,4.8479695,3.6572402,3.0618753,2.3814588,2.5515628,2.2113545,2.0412502,1.7010419,0.76546884,1.5309377,1.6159898,0.76546884,0.76546884,0.51031256,0.5953647,0.34020838,0.085052095,0.085052095,0,0,0.085052095,0,0,0,0,0,0,0,0,0,0,0,0,0,0,0,0,0,0,0,0,0,0,0,0,0,0,0,0,0,0,0,0,0,0,0,0,0,0,0,0,0,0,0,0,0,0,0,0,0,0,0,0,0,0,0,0,0,0,0,0,0,0,0,0,0,0,0,0,0,0,0,0,0,0,0,0,0,0,0,0,0,0,0,0,0,0,0,0,0,0,0,0,0,0,0,0,0,0,0,0,0,0,0,0,0,0,0,0,0,0,0,0,0,0,0,0,0,0,0,0,0,0,0,0,0,0,0,0,0,0,0,0,0,0,0,0,0,0,0,0,0,0,0,0,0,0,0,0,0,0,0,0,0,0,0,0,0,0,0,0,0,0,0,0,0,0,0,0,0,0,0,0,0,0,0,0,0,0,0,0,0,0,0,0,0,0,0,0,0,0,0,0,0,0,0,0,0,0,0,0,0,0,0,0,0,0,0,80.71939,89.182755,83.1526,80.40201,72.467606,66.75483,60.089924,60.4073,53.001854,51.520763,51.097595,44.96165,43.90373,43.163185,50.780216,54.37715,65.90849,85.79741,95.53028,105.157364,116.053955,140.17456,131.7112,134.56758,134.67337,142.71358,132.55753,114.57287,106.00371,101.03147,87.91325,65.8027,53.95398,46.44274,38.40254,26.659615,22.533722,15.128273,11.848718,8.674953,9.098123,5.924359,5.183814,2.3274267,2.1158423,2.3274267,1.2695055,0.42316848,0.74054486,0.95212907,0.63475275,0.10579212,0.10579212,0,0,0,0,0,0,0,0,0,0,0,0,0,0,0,0,0,0,0,0,0,0,0,0,0,0,0,0,0,0,0,0,0,0,0,0,0,0,0,0,0,0,0,0,0,0,0,0,0,0,0,0,0,0,0,0,0,0,0,0,0,0,0,0,0,0,0,0,0,0,0,0,0,0,0,0,0,0,0,0,0,0,0,0,0,0,0,0,0,0,0,0,0,0,0,0,0,0,0,0,0,0,0,0,0,0,0,0,0,0,0,0,0,0,0,0,0,0,0,0,0,0,0,0,0,0,0,0,0,0,0,0,0,0,0,0,0,0,0,0,0,0,0,0,0,0,0,0,0,0,0,0,0,0,0,0,0,0,0,0,0,0,0,0,0,0,0,0,0,0,0,0,0,0,0,0,0,0,0,0,0,0,0,0,0,0,0,0,0,0,0,0,0,0,0,0,0,0,0,0,0,0,105.18259,114.0488,117.17429,118.513794,116.34508,99.18673,83.04896,78.64774,69.14368,63.46675,58.363895,56.896828,51.857758,50.390686,47.775475,41.460693,38.462765,39.929836,34.316696,37.123264,30.872269,28.001913,24.302343,19.454632,15.117206,14.862063,13.458778,11.417637,12.183064,12.119279,9.631638,9.759209,7.3353534,6.0596395,4.337426,4.209855,2.7427843,1.4670706,0.89299953,0.3189284,0.3827141,0.19135705,0.12757136,0,0,0,0,0,0,0,0,0,0,0,0,0,0,0,0,0,0,0,0,0,0,0,0,0,0,0,0,0,0,0,0,0,0,0,0,0,0,0,0,0,0,0,0,0,0,0,0,0,0,0,0,0,0,0,0,0,0,0,0,0,0,0,0,0,0,0,0,0,0,0,0,0,0,0,0,0,0,0,0,0,0,0,0,0,0,0,0,0,0,0,0,0,0,0,0,0,0,0,0,0,0,0,0,0,0,0,0,0,0,0,0,0,0,0,0,0,0,0,0,0,0,0,0,0,0,0,0,0,0,0,0,0,0,0,0,0,0,0,0,0,0,0,0,0,0,0,0,0,0,0,0,0,0,0,0,0,0,0,0,0,0,0,0,0,0,0,0,0,0,0,0,0,0,0,0,0,0,0,0,0,0,0,0,0,0,0,0,0,0,0,0,0,0,0,0,0,0,0,0,0,0,0,0,0,0,0,0,0,0,0,0,10,0,0
93.093094,112.51251,139.33934,157.55756,171.97197,183.18318,187.18718,213.21321,214.81482,256.45645,278.87888,287.4875,294.4945,292.2923,269.86987,240.64064,242.44244,203.003,177.57758,164.36436,162.16216,165.16516,147.94795,162.16216,131.93193,137.73773,130.73073,120.52052,100.5005,103.1031,98.6987,93.49349,60.66066,48.04805,47.44745,41.841843,29.62963,20.02002,15.015015,13.213213,7.807808,4.204204,4.004004,4.004004,1.6016016,1.8018018,1.001001,0.4004004,0.8008008,0,0,0,0,0,0,0,0,0,0,0,0,0,0,0,0,0,0,0,0,0,0,0,0,0,0,0,0,0,0,0,0,0,0,0,0,0,0,0,0,0,0,0,0,0,0,0,0,0,0,0,0,0,0,0,0,0,0,0,0,0,0,0,0,0,0,0,0,0,0,0,0,0,0,0,0,0,0,0,0,0,0,0,0,0,0,0,0,0,0,0,0,0,0,0,0,0,0,0,0,0,0,0,0,0,0,0,0,0,0,0,0,0,0,0,0,0,0,0,0,0,0,0,0,0,0,0,0,0,0,0,0,0,0,0,0,0,0,0,0,0,0,0,0,0,0,0,0,0,0,0,0,0,0,0,0,0,0,0,0,0,0,0,0,0,0,0,0,0,0,0,0,0,0,0,0,0,0,0,0,0,0,0,0,0,0,0,0,0,0,0,0,0,0,0,0,0,0,0,0,0,0,0,0,0,0,58.946297,63.62942,76.86434,81.140236,85.517944,74.52277,64.44388,50.292694,35.83609,32.883686,25.553576,21.684906,18.834309,19.750572,17.307203,20.666836,21.888521,22.29575,27.386103,32.883686,27.895138,28.607788,28.913208,30.847544,36.650547,37.465004,44.795113,40.722828,43.87885,52.43064,63.833035,82.56554,83.07457,87.248665,80.834816,75.948074,59.86256,53.95775,52.023415,50.3945,50.903538,46.32222,48.052937,48.66378,48.867393,53.85594,48.765587,47.034866,40.926445,44.89692,41.63909,36.54874,36.345123,37.974037,40.3156,37.770424,37.465004,38.58488,38.788494,32.578262,23.721048,17.103588,13.438534,8.551794,9.468058,7.8391447,6.4138455,4.17409,3.2578263,1.425299,1.2216849,1.2216849,0.91626364,0.50903535,0.61084247,0.61084247,0.91626364,0.91626364,0,0,0,0,0,0,0,0,0,0,0,0,0,0,0,0,0,0,0,0,0,0,0,0,0,0,0,0,0,0,0,0,0,0,0,0,0,0,0,0,0,0,0,0,0,0,0,0,0,0,0,0,0,0,0,0,0,0,0,0,0,0,0,0,0,0,0,0,0,0,0,0,0,0,0,0,0,0,0,0,0,0,0,0,0,0,0,0,0,0,0,0,0,0,0,0,0,0,0,0,0,0,0,0,0,0,0,0,0,0,0,0,0,0,0,0,0,0,0,0,0,0,0,0,0,0,0,0,0,0,0,0,0,0,0,0,0,0,0,0,0,0,0,0,0,0,0,0,0,0,0,0,0,0,0,0,0,0,0,0,0,0,0,0,0,0,0,0,0,0,0,0,0,0,0,0,0,68.82537,74.49754,78.0259,78.5172,70.388565,63.778473,56.498436,49.754356,41.625725,36.444843,30.951317,28.048235,24.653864,21.214828,21.259491,18.892363,24.11791,21.88477,21.929432,19.071014,19.517641,18.937025,19.919607,21.214828,20.500223,19.205002,14.247432,9.959804,8.441268,6.9227333,5.895489,5.8508263,4.689594,2.9030817,1.6525234,1.6078607,0.9379187,0.89325595,0.7592675,0.40196517,0.31263956,0.31263956,0.17865118,0.044662796,0.044662796,0.044662796,0.044662796,0,0,0,0,0,0,0,0,0,0,0,0,0,0,0,0,0,0,0,0,0,0,0,0,0,0,0,0,0,0,0,0,0,0,0,0,0,0,0,0,0,0,0,0,0,0,0,0,0,0,0,0,0,0,0,0,0,0,0,0,0,0,0,0,0,0,0,0,0,0,0,0,0,0,0,0,0,0,0,0,0,0,0,0,0,0,0,0,0,0,0,0,0,0,0,0,0,0,0,0,0,0,0,0,0,0,0,0,0,0,0,0,0,0,0,0,0,0,0,0,0,0,0,0,0,0,0,0,0,0,0,0,0,0,0,0,0,0,0,0,0,0,0,0,0,0,0,0,0,0,0,0,0,0,0,0,0,0,0,0,0,0,0,0,0,0,0,0,0,0,0,0,0,0,0,0,0,0,0,0,0,0,0,0,0,0,0,0,0,0,0,0,0,0,0,0,0,0,0,0,0,0,0,0,0,0,0,0,20,0,0
50.861942,57.40386,64.12259,65.30131,66.53897,71.60748,64.476204,62.64918,56.8145,53.455135,47.207897,46.38279,48.033005,44.202152,48.858112,51.274494,48.6813,47.44364,53.69088,51.451305,47.561516,41.314278,39.723,35.951084,33.240017,27.935759,23.869162,19.213202,14.144689,11.31575,8.9583025,5.834684,4.65596,4.9506407,4.7738323,4.066598,5.598939,4.7738323,5.952556,5.4221306,5.4221306,3.7719169,3.4182997,3.1236186,1.7680861,2.2395756,1.7680861,2.062767,1.473405,2.062767,1.473405,2.062767,1.5912775,1.8270222,1.2376602,1.2965964,1.7091498,1.178724,1.0019155,0.9429792,0.8251068,0.589362,0.7072344,0.1178724,0.1178724,0.2357448,0.294681,0.1178724,0.1178724,0.0589362,0.0589362,0.1178724,0.1178724,0,0.0589362,0,0,0,0,0,0,0,0,0,0,0,0,0,0,0,0,0,0,0,0,0,0,0,0,0,0,0,0,0,0,0,0,0,0,0,0,0,0,0,0,0,0,0,0,0,0,0,0,0,0,0,0,0,0,0,0,0,0,0,0,0,0,0,0,0,0,0,0,0,0,0,0,0,0,0,0,0,0,0,0,0,0,0,0,0,0,0,0,0,0,0,0,0,0,0,0,0,0,0,0,0,0,0,0,0,0,0,0,0,0,0,0,0,0,0,0,0,0,0,0,0,0,0,0,0,0,0,0,0,0,0,0,0,0,0,0,0,0,0,0,0,0,0,0,0,0,0,0,0,0,0,0,0,0,0,0,0,0,0,0,0,0,0,0,0,0,0,0,0,0,0,0,0,0,0,0,0,0,0,0,66.45478,60.21381,59.75152,63.681015,63.218723,71.655594,68.65068,61.716267,50.274487,42.068768,34.440914,33.74747,30.280266,22.88356,21.958971,23.923721,24.963882,20.91881,22.767986,23.808147,21.381104,23.345854,24.84831,21.958971,27.275354,29.933544,26.813059,32.12944,31.089281,29.47125,32.245014,35.59665,45.76712,53.857265,56.86218,57.32447,65.53019,68.188385,62.872,55.59087,52.470383,57.2089,63.565445,56.977753,51.0835,42.415485,44.033516,47.385147,45.651546,38.370415,38.94828,43.686794,47.154003,46.344986,44.033516,39.641724,36.05894,34.440914,33.631897,30.626986,33.40075,32.70731,36.752384,30.973707,32.938457,37.561398,40.79746,36.29009,32.70731,36.29009,35.3655,40.56631,42.993355,37.792545,33.631897,31.551575,27.15978,19.763075,15.602427,11.904074,11.788501,9.592604,10.517192,7.2811327,4.8540883,4.738515,3.698353,3.698353,3.467206,3.9295,4.5073676,4.6229415,3.467206,3.9295,4.1606474,4.0450735,3.9295,2.8893383,2.4270442,2.4270442,1.8491765,1.0401618,0.80901474,0.46229413,0.6934412,0.5778677,0.11557353,0,0,0,0,0,0,0,0,0,0,0,0,0,0,0,0,0,0,0,0,0,0,0,0,0,0,0,0,0,0,0,0,0,0,0,0,0,0,0,0,0,0,0,0,0,0,0,0,0,0,0,0,0,0,0,0,0,0,0,0,0,0,0,0,0,0,0,0,0,0,0,0,0,0,0,0,0,0,0,0,0,0,0,0,0,0,0,0,0,0,0,0,0,0,0,0,0,0,0,0,0,0,0,0,0,0,0,0,0,0,0,0,0,0,0,0,0,0,0,0,0,0,0,0,0,0,0,0,0,0,0,0,0,0,0,0,0,0,0,0,0,0,0,0,0,0,0,0,58.231037,51.558075,48.473404,45.955307,35.12748,34.12024,30.468998,29.2729,32.04281,40.163677,52.880077,67.610954,76.67611,75.29116,74.28392,72.898964,62.07114,55.587036,46.33302,40.98206,36.323578,31.790998,28.076803,20.90022,18.31917,18.633932,19.767076,18.633932,17.626692,16.052881,17.437836,16.367643,16.304691,16.115833,15.989928,17.689646,16.997168,16.115833,15.926976,14.227259,16.934216,13.6606865,15.360404,14.290212,14.479069,15.234499,13.786592,11.394398,11.079636,8.624489,8.687442,7.2395344,7.743154,4.9732456,4.8473406,2.8328614,3.0846713,2.7069564,2.7069564,2.8328614,2.6440039,2.9587662,1.3849545,1.7626693,1.5108594,1.0072396,0.9442871,1.0072396,1.196097,1.0701921,1.3220019,0.7554297,0.56657225,0.88133466,0.44066733,0.37771484,0.2518099,0.31476235,0.12590495,0.31476235,0.12590495,0.7554297,0,0.062952474,0.18885742,0,0,0,0,0,0,0,0,0,0,0,0,0,0,0,0,0,0,0,0,0,0,0,0,0,0,0,0,0,0,0,0,0,0,0,0,0,0,0,0,0,0,0,0,0,0,0,0,0,0,0,0,0,0,0,0,0,0,0,0,0,0,0,0,0,0,0,0,0,0,0,0,0,0,0,0,0,0,0,0,0,0,0,0,0,0,0,0,0,0,0,0,0,0,0,0,0,0,0,0,0,0,0,0,0,0,0,0,0,0,0,0,0,0,0,0,0,0,0,0,0,0,0,0,0,0,0,0,0,0,0,0,0,0,0,0,0,0,0,0,0,0,0,0,0,0,0,0,0,0,0,0,0,0,0,0,0,0,0,0,0,0,0,0,0,0,0,0,0,0,50,0,0
80.32922,105.02058,133.66255,163.4568,159.34157,146.9959,154.5679,175.30865,179.58849,184.03293,206.91359,219.58849,219.91771,182.55145,155.55556,150.28807,124.27984,124.27984,107.3251,102.22223,100.41153,97.613174,99.09465,100.740746,113.41564,125.925934,140.0823,139.42387,124.27984,119.176956,116.214,89.21811,67.1605,54.32099,44.27984,32.263374,26.17284,16.625515,16.954733,12.18107,14.485598,11.028807,10.370371,11.358026,11.028807,13.99177,10.53498,9.711934,9.711934,7.4074078,4.2798357,6.090535,4.7736626,5.925926,3.127572,5.102881,4.1152263,4.4444447,3.4567902,5.102881,3.7860084,2.798354,2.1399179,1.3168725,4.2798357,2.962963,1.4814816,1.8106997,1.1522634,0.9876543,0.9876543,1.1522634,0,0.16460906,0,0,0,0,0,0,0,0,0,0,0,0,0,0,0,0,0,0,0,0,0,0,0,0,0,0,0,0,0,0,0,0,0,0,0,0,0,0,0,0,0,0,0,0,0,0,0,0,0,0,0,0,0,0,0,0,0,0,0,0,0,0,0,0,0,0,0,0,0,0,0,0,0,0,0,0,0,0,0,0,0,0,0,0,0,0,0,0,0,0,0,0,0,0,0,0,0,0,0,0,0,0,0,0,0,0,0,0,0,0,0,0,0,0,0,0,0,0,0,0,0,0,0,0,0,0,0,0,0,0,0,0,0,0,0,0,0,0,0,0,0,0,0,0,0,0,0,0,0,0,0,0,0,0,0,0,0,0,0,0,0,0,0,0,0,0,0,0,0,0,0,0,0,0,0,0,0,0,0,0,0,71.99672,73.80074,78.556786,76.58877,89.052895,83.47684,88.39689,84.62485,81.50882,70.520706,48.70849,39.360394,35.09635,32.636326,33.292336,34.276344,28.536285,26.404264,25.256252,26.076262,31.160313,31.160313,28.536285,27.224274,29.192293,23.124231,29.192293,25.91226,26.732267,26.732267,27.88028,30.668308,29.192293,30.83231,32.472324,35.260353,41.328415,33.456337,30.0123,30.83231,35.91636,33.456337,38.704388,39.360394,41.98442,44.93645,49.8565,62.320625,75.44076,79.540794,76.91677,70.84871,65.92866,63.468636,90.0369,83.64084,67.076675,57.400574,57.564575,47.56048,41.328415,41.98442,39.524395,43.624435,42.476425,36.736366,38.86839,38.376385,31.98032,34.604347,25.256252,26.240263,28.372284,28.536285,28.700287,22.632227,28.700287,33.12833,30.83231,29.192293,23.288233,29.684298,22.96023,25.256252,22.140223,21.976221,27.88028,28.372284,28.044281,25.256252,25.420256,25.420256,22.304224,23.616238,28.536285,31.488316,34.112343,34.276344,31.98032,36.90037,34.93235,36.24436,33.94834,38.376385,37.88438,41.000412,47.232475,50.512505,47.06847,52.80853,44.608448,46.90447,43.624435,43.624435,41.000412,26.404264,20.99221,15.580156,12.792129,8.03608,7.0520706,3.608036,1.9680197,1.804018,1.1480114,1.1480114,0.6560066,0.16400164,0.16400164,0,0,0,0,0,0,0,0,0,0,0,0,0,0,0,0,0,0,0,0,0,0,0,0,0,0,0,0,0,0,0,0,0,0,0,0,0,0,0,0,0,0,0,0,0,0,0,0,0,0,0,0,0,0,0,0,0,0,0,0,0,0,0,0,0,0,0,0,0,0,0,0,0,0,0,0,0,0,0,0,0,0,0,0,0,0,0,0,0,0,0,0,0,0,0,0,0,0,0,0,0,0,0,0,0,0,0,0,0,0,0,0,0,0,0,0,0,0,0,0,0,0,0,0,0,0,86.84464,97.13734,106.01479,110.26053,104.7282,101.640396,86.587326,78.73914,79.639755,66.77388,63.428753,53.779346,54.5513,57.510452,83.88549,109.35992,136.12093,165.96976,171.1161,167.64232,142.55386,121.453835,104.98552,83.75683,61.62753,46.703117,37.697006,35.123833,27.790285,29.977484,26.117722,22.901253,29.20553,24.445158,21.10003,25.088451,20.842714,22.515278,22.901253,23.28723,18.912832,20.971373,21.871984,19.813444,16.08234,16.982952,19.942102,17.240269,17.368929,16.596975,24.3165,19.041492,24.187841,26.24638,24.187841,25.603086,27.661627,30.106142,31.778706,30.878094,32.036022,44.51592,34.737858,39.49823,43.35799,37.053715,33.065292,24.059181,19.041492,10.16404,8.491476,6.3042774,5.2750077,4.5030556,3.4737856,5.2750077,3.216468,4.1170793,2.9591508,2.1871984,3.3451269,1.5439048,1.2865872,0.9006111,0.9006111,0.3859762,0.5146349,0.7719524,0.3859762,0.6432936,0.3859762,0.12865873,0,0,0,0,0,0,0,0,0,0,0,0,0,0,0,0,0,0,0,0,0,0,0,0,0,0,0,0,0,0,0,0,0,0,0,0,0,0,0,0,0,0,0,0,0,0,0,0,0,0,0,0,0,0,0,0,0,0,0,0,0,0,0,0,0,0,0,0,0,0,0,0,0,0,0,0,0,0,0,0,0,0,0,0,0,0,0,0,0,0,0,0,0,0,0,0,0,0,0,0,0,0,0,0,0,0,0,0,0,0,0,0,0,0,0,0,0,0,0,0,0,0,0,0,0,0,0,0,0,0,0,0,0,0,0,0,0,0,0,0,0,0,0,0,0,0,0,0,0,0,0,0,0,0,0,0,0,0,0,0,0,0,0,100,0,0
16.662699,20.18567,20.947393,23.042133,31.659128,36.895977,43.608665,45.56058,54.225185,52.701736,56.84361,56.510353,54.03475,54.082363,58.938347,56.129494,53.320637,46.65556,42.704117,37.89574,35.039276,26.565104,24.375149,21.042608,20.042847,17.043562,14.234706,14.091883,14.282313,12.616044,10.61652,10.3308735,7.5696263,6.807903,5.665318,4.7131634,4.141871,3.7134016,2.9516783,2.7612474,2.0947394,1.7614853,1.1901928,1.6662699,0.90454656,0.66650796,0.28564626,0.3808617,0.095215425,0,0.095215425,0,0,0,0.14282313,0,0,0,0,0,0,0,0,0,0,0,0,0,0,0,0,0,0,0,0,0,0,0,0,0,0,0,0,0,0,0,0,0,0,0,0,0,0,0,0,0,0,0,0,0,0,0,0,0,0,0,0,0,0,0,0,0,0,0,0,0,0,0,0,0,0,0,0,0,0,0,0,0,0,0,0,0,0,0,0,0,0,0,0,0,0,0,0,0,0,0,0,0,0,0,0,0,0,0,0,0,0,0,0,0,0,0,0,0,0,0,0,0,0,0,0,0,0,0,0,0,0,0,0,0,0,0,0,0,0,0,0,0,0,0,0,0,0,0,0,0,0,0,0,0,0,0,0,0,0,0,0,0,0,0,0,0,0,0,0,0,0,0,0,0,0,0,0,0,0,0,0,0,0,0,0,0,0,0,0,0,0,0,0,0,0,0,0,0,0,0,0,0,0,0,0,0,0,0,0,66.87847,77.04527,83.95551,90.86576,89.91263,92.21604,101.35027,103.097694,102.382835,109.92851,109.37251,114.61477,107.14853,111.99364,114.29706,103.097694,88.64178,70.929306,62.509926,48.13344,42.811752,33.121525,27.243843,21.683876,21.04845,17.791897,16.918188,16.759333,18.347895,13.264495,12.946782,8.498808,6.5925336,6.0365367,4.924543,3.8125496,5.003971,3.9714057,3.4154088,1.9857029,2.779984,2.4622715,1.6679904,2.065131,2.3828435,1.3502779,0.7942811,0.7942811,0.71485305,1.1119936,0.71485305,0.4765687,0.39714056,0.39714056,0.31771246,0.23828435,0.23828435,0,0,0,0,0,0,0,0,0,0,0,0,0,0,0,0,0,0,0,0,0,0,0,0,0,0,0,0,0,0,0,0,0,0,0,0,0,0,0,0,0,0,0,0,0,0,0,0,0,0,0,0,0,0,0,0,0,0,0,0,0,0,0,0,0,0,0,0,0,0,0,0,0,0,0,0,0,0,0,0,0,0,0,0,0,0,0,0,0,0,0,0,0,0,0,0,0,0,0,0,0,0,0,0,0,0,0,0,0,0,0,0,0,0,0,0,0,0,0,0,0,0,0,0,0,0,0,0,0,0,0,0,0,0,0,0,0,0,0,0,0,0,0,0,0,0,0,0,0,0,0,0,0,0,0,0,0,0,0,0,0,0,0,0,0,0,0,0,0,0,0,0,0,0,0,0,0,0,0,0,0,0,0,0,0,0,0,0,0,0,0,0,0,0,0,0,0,0,16.535433,19.040802,20.257694,26.986399,34.216175,43.664997,49.105225,55.833927,66.428055,76.95061,86.54259,91.05225,87.90265,78.31066,72.94202,62.705795,59.05512,55.404438,58.69721,64.06586,70.29349,76.09162,83.96564,80.60129,77.30852,72.58411,61.77523,50.250534,41.445953,32.9277,22.118826,15.962777,11.453114,8.589835,8.088761,4.3664994,4.0085897,3.722262,3.221188,2.5769506,2.5053687,3.221188,1.789549,1.2884753,1.5748031,1.3600572,2.2190409,1.3600572,1.6463851,1.0021474,1.789549,1.2884753,0.9305655,1.3600572,1.2168933,1.6463851,1.2168933,0.64423764,1.0737294,1.0021474,0.8589835,0.78740156,1.2168933,1.3600572,0.78740156,0.9305655,0.8589835,0.8589835,1.3600572,0.78740156,0.7158196,0.7158196,0.5726557,0.3579098,0.21474588,0.5010737,0.3579098,0.3579098,0.21474588,0.07158196,0.07158196,0.07158196,0,0,0,0,0,0,0,0,0,0,0,0,0,0,0,0,0,0,0,0,0,0,0,0,0,0,0,0,0,0,0,0,0,0,0,0,0,0,0,0,0,0,0,0,0,0,0,0,0,0,0,0,0,0,0,0,0,0,0,0,0,0,0,0,0,0,0,0,0,0,0,0,0,0,0,0,0,0,0,0,0,0,0,0,0,0,0,0,0,0,0,0,0,0,0,0,0,0,0,0,0,0,0,0,0,0,0,0,0,0,0,0,0,0,0,0,0,0,0,0,0,0,0,0,0,0,0,0,0,0,0,0,0,0,0,0,0,0,0,0,0,0,0,0,0,0,0,0,0,0,0,0,0,0,0,0,0,0,0,0,0,0,0,0,0,0,0,0,0,0,0,0,0,0,5,0
14.559147,15.061187,12.990273,14.559147,13.241293,17.00659,16.128021,16.25353,19.767807,22.34076,26.796362,28.930029,34.38971,37.841232,46.626923,52.96517,60.80954,75.93348,82.46,79.13399,81.58143,86.66458,89.11202,92.81456,79.51051,73.297775,69.909004,58.299343,50.957016,44.4305,39.661125,30.247883,22.905554,18.700974,14.998431,11.79793,9.099467,7.907123,5.396925,5.45968,4.832131,5.0203953,4.581111,4.2045813,3.5770319,3.9535615,2.6357076,1.8198934,2.0081582,1.2550988,0.6903044,0.6903044,0.5647945,0.25101978,0.12550989,0.37652966,0.062754944,0,0.062754944,0.062754944,0.062754944,0,0.062754944,0,0,0,0,0,0,0,0,0,0,0,0,0,0,0,0,0,0,0,0,0,0,0,0,0,0,0,0,0,0,0,0,0,0,0,0,0,0,0,0,0,0,0,0,0,0,0,0,0,0,0,0,0,0,0,0,0,0,0,0,0,0,0,0,0,0,0,0,0,0,0,0,0,0,0,0,0,0,0,0,0,0,0,0,0,0,0,0,0,0,0,0,0,0,0,0,0,0,0,0,0,0,0,0,0,0,0,0,0,0,0,0,0,0,0,0,0,0,0,0,0,0,0,0,0,0,0,0,0,0,0,0,0,0,0,0,0,0,0,0,0,0,0,0,0,0,0,0,0,0,0,0,0,0,0,0,0,0,0,0,0,0,0,0,0,0,0,0,0,0,0,0,0,0,0,0,0,0,0,0,0,0,0,0,0,0,0,0,0,0,0,0,58.803764,66.935486,73.85753,79.30108,89.247314,90.18818,89.38172,82.32527,90.053764,90.65861,98.3871,99.327965,102.95699,100.00001,85.685486,67.338715,56.250004,41.263443,36.491936,31.653227,23.72312,22.110216,18.010754,16.666668,13.239248,14.180108,12.903227,15.120969,14.448925,16.599463,13.776882,11.55914,9.341398,7.930108,5.376344,4.435484,3.3602152,2.2849464,1.4112904,0.7392473,0.672043,0.47043014,0.20161292,0.47043014,0.6048387,0.47043014,0.067204304,0.067204304,0.067204304,0.067204304,0,0,0,0,0,0,0,0,0,0,0,0,0,0,0,0,0,0,0,0,0,0,0,0,0,0,0,0,0,0,0,0,0,0,0,0,0,0,0,0,0,0,0,0,0,0,0,0,0,0,0,0,0,0,0,0,0,0,0,0,0,0,0,0,0,0,0,0,0,0,0,0,0,0,0,0,0,0,0,0,0,0,0,0,0,0,0,0,0,0,0,0,0,0,0,0,0,0,0,0,0,0,0,0,0,0,0,0,0,0,0,0,0,0,0,0,0,0,0,0,0,0,0,0,0,0,0,0,0,0,0,0,0,0,0,0,0,0,0,0,0,0,0,0,0,0,0,0,0,0,0,0,0,0,0,0,0,0,0,0,0,0,0,0,0,0,0,0,0,0,0,0,0,0,0,0,0,0,0,0,0,0,0,0,0,0,0,0,0,0,0,0,0,0,0,0,0,0,0,0,0,0,0,0,0,12.469034,10.074319,9.661437,10.487201,9.248555,10.322048,9.82659,10.404625,14.533444,17.423618,21.304708,28.406277,33.938896,50.619324,66.72172,80.759705,102.064415,112.88192,114.12057,110.65236,107.59703,85.631714,77.45665,60.198185,45.41701,41.6185,35.342693,36.74649,39.966972,52.1057,57.80347,68.5384,78.53014,88.274155,95.95376,91.65979,81.99835,71.42857,48.88522,40.379852,27.002478,14.698597,8.092485,7.4318748,6.2758055,6.440958,4.872007,4.5417013,2.3121388,2.7250206,1.7341042,1.8166806,2.4772916,2.4772916,1.5689514,1.6515278,1.4037986,1.073493,0.9909166,0.9909166,1.4037986,1.2386458,1.5689514,1.8166806,0.9909166,0.9909166,0.8257639,0.16515277,0.33030555,0.16515277,0.41288194,0.24772915,0.6606111,0.41288194,0.7431875,0.24772915,0.16515277,0.08257639,0.16515277,0,0,0,0,0,0,0,0,0,0,0,0,0,0,0,0,0,0,0,0,0,0,0,0,0,0,0,0,0,0,0,0,0,0,0,0,0,0,0,0,0,0,0,0,0,0,0,0,0,0,0,0,0,0,0,0,0,0,0,0,0,0,0,0,0,0,0,0,0,0,0,0,0,0,0,0,0,0,0,0,0,0,0,0,0,0,0,0,0,0,0,0,0,0,0,0,0,0,0,0,0,0,0,0,0,0,0,0,0,0,0,0,0,0,0,0,0,0,0,0,0,0,0,0,0,0,0,0,0,0,0,0,0,0,0,0,0,0,0,0,0,0,0,0,0,0,0,0,0,0,0,0,0,0,0,0,0,0,0,0,0,0,0,0,0,0,0,0,0,0,0,0,0,0,0,0,0,10,0
32.011536,36.481617,29.27181,35.18385,34.46287,33.74189,32.732517,32.732517,29.560202,28.983418,34.03028,33.597694,34.89546,33.165104,27.541456,27.974045,28.11824,27.685654,27.108868,29.127613,33.165104,40.663303,40.663303,49.459267,55.6597,60.850758,68.34895,78.298485,90.12257,104.10959,116.65465,123.576065,132.37202,147.80101,166.40231,180.10094,171.59337,167.70007,153.28046,144.05191,142.32156,144.05191,125.739006,113.19395,106.70512,99.35112,103.244415,99.78371,94.30425,72.674835,64.31146,58.11103,51.766403,46.142754,38.93295,28.550829,16.005768,13.121846,8.074982,6.9214134,7.0656095,6.9214134,5.479452,6.0562367,4.6142755,4.1816874,2.0187454,2.1629417,2.739726,1.441961,1.297765,2.1629417,0.7209805,0.57678443,0.7209805,0.28839222,0.43258834,0.14419611,0,0,0,0,0,0,0,0,0,0,0,0,0,0,0,0,0,0,0,0,0,0,0,0,0,0,0,0,0,0,0,0,0,0,0,0,0,0,0,0,0,0,0,0,0,0,0,0,0,0,0,0,0,0,0,0,0,0,0,0,0,0,0,0,0,0,0,0,0,0,0,0,0,0,0,0,0,0,0,0,0,0,0,0,0,0,0,0,0,0,0,0,0,0,0,0,0,0,0,0,0,0,0,0,0,0,0,0,0,0,0,0,0,0,0,0,0,0,0,0,0,0,0,0,0,0,0,0,0,0,0,0,0,0,0,0,0,0,0,0,0,0,0,0,0,0,0,0,0,0,0,0,0,0,0,0,0,0,0,0,0,0,0,0,0,0,0,0,0,0,0,0,0,0,0,0,0,91.70931,113.613106,126.305016,136.94984,171.34084,172.56909,199.38588,207.98363,207.77892,204.50359,215.14842,214.12488,218.42375,228.04504,208.18834,221.9038,277.78915,282.29272,295.18936,295.39407,306.0389,259.97952,195.49641,169.70317,150.05118,127.32856,107.26714,79.42682,71.033775,50.76766,50.56295,46.8782,44.626408,40.327534,38.894577,43.602867,44.626408,40.73695,40.53224,29.887411,23.746162,23.95087,18.219038,18.423746,15.353122,9.825998,6.960082,7.16479,3.8894575,3.2753327,3.8894575,5.9365406,4.5035825,2.661208,2.865916,1.2282498,1.2282498,0.6141249,0.6141249,0.2047083,0,0,0,0,0,0,0,0,0,0,0,0,0,0,0,0,0,0,0,0,0,0,0,0,0,0,0,0,0,0,0,0,0,0,0,0,0,0,0,0,0,0,0,0,0,0,0,0,0,0,0,0,0,0,0,0,0,0,0,0,0,0,0,0,0,0,0,0,0,0,0,0,0,0,0,0,0,0,0,0,0,0,0,0,0,0,0,0,0,0,0,0,0,0,0,0,0,0,0,0,0,0,0,0,0,0,0,0,0,0,0,0,0,0,0,0,0,0,0,0,0,0,0,0,0,0,0,0,0,0,0,0,0,0,0,0,0,0,0,0,0,0,0,0,0,0,0,0,0,0,0,0,0,0,0,0,0,0,0,0,0,0,0,0,0,0,0,0,0,0,0,0,0,0,0,0,0,0,0,0,0,0,0,0,0,0,0,0,0,0,0,0,0,0,0,41.12554,38.095238,38.38384,33.477634,36.363636,35.642136,32.756134,28.28283,24.531025,23.520924,23.520924,22.510822,24.963926,25.974026,29.29293,28.42713,33.621933,41.991344,44.588745,55.988457,64.64647,72.438675,94.228,106.34921,114.28572,136.50793,137.08514,132.75613,132.03464,118.03752,114.430016,104.61761,96.3925,90.04329,78.93218,73.44878,66.233765,59.74026,54.834057,47.33045,34.632034,26.118326,20.20202,16.305916,12.265512,16.594517,16.161617,12.842713,10.245311,11.544012,12.121212,10.966811,14.574315,18.181818,17.171717,21.500723,29.437231,50.21645,53.246754,71.572876,84.41559,101.298706,119.91342,114.71862,124.38673,115.15152,115.00722,88.88889,73.16017,58.874462,43.434345,32.61183,23.376623,15.0072155,11.399712,9.37951,7.6479077,6.926407,3.4632034,3.3189034,3.4632034,3.1746032,1.5873016,3.7518039,3.1746032,2.1645021,3.030303,2.0202022,2.4531026,1.5873016,2.4531026,3.1746032,1.8759019,2.0202022,2.4531026,1.4430015,1.5873016,1.7316017,1.7316017,0.86580086,0.86580086,1.2987013,1.0101011,0.5772006,0.5772006,0.43290043,0.72150075,0.2886003,0.43290043,0.43290043,0.14430015,0.5772006,0,0.14430015,0,0,0,0,0,0,0,0,0,0,0,0,0,0,0,0,0,0,0,0,0,0,0,0,0,0,0,0,0,0,0,0,0,0,0,0,0,0,0,0,0,0,0,0,0,0,0,0,0,0,0,0,0,0,0,0,0,0,0,0,0,0,0,0,0,0,0,0,0,0,0,0,0,0,0,0,0,0,0,0,0,0,0,0,0,0,0,0,0,0,0,0,0,0,0,0,0,0,0,0,0,0,0,0,0,0,0,0,0,0,0,0,0,0,0,0,0,0,0,0,0,0,0,0,0,0,0,0,0,0,0,0,0,0,0,0,0,0,0,0,0,0,25,0
5.1009564,5.5260363,17.428268,25.504782,31.455898,36.131775,51.859722,59.936237,81.19022,105.84485,115.62168,120.72263,112.22104,107.12009,123.27312,134.75026,136.87567,131.34962,111.79596,98.19341,113.0712,83.7407,67.58767,90.96706,90.54198,100.74389,99.46865,89.69182,102.01913,77.36451,96.918175,92.66737,93.51753,113.921364,118.17216,127.52391,120.297554,133.04994,138.15091,156.85442,139.42615,198.51222,212.96494,249.52179,261.8491,307.7577,325.18597,351.54092,329.86185,359.61743,374.9203,359.61743,365.99362,396.1743,391.07333,376.6206,400,383.847,384.27206,319.65994,339.63867,306.90753,323.06058,285.65356,276.7269,262.69925,243.14558,216.79065,222.31668,192.98619,164.50584,146.6525,127.09883,100.31881,71.83847,55.26036,48.459087,29.755579,14.8777895,13.177471,5.1009564,2.1253986,1.7003188,0,0,0,0,0,0,0,0,0,0,0,0,0,0,0,0,0,0,0,0,0,0,0,0,0,0,0,0,0,0,0,0,0,0,0,0,0,0,0,0,0,0,0,0,0,0,0,0,0,0,0,0,0,0,0,0,0,0,0,0,0,0,0,0,0,0,0,0,0,0,0,0,0,0,0,0,0,0,0,0,0,0,0,0,0,0,0,0,0,0,0,0,0,0,0,0,0,0,0,0,0,0,0,0,0,0,0,0,0,0,0,0,0,0,0,0,0,0,0,0,0,0,0,0,0,0,0,0,0,0,0,0,0,0,0,0,0,0,0,0,0,0,0,0,0,0,0,0,0,0,0,0,0,0,0,0,0,0,0,0,0,0,0,0,0,0,0,0,0,0,0,0,33.43809,32.683846,45.25456,53.551228,43.243244,53.048397,61.847897,85.480835,108.61094,142.80327,176.24136,220.74167,255.43684,272.78442,264.73917,261.7222,267.2533,259.20804,283.0924,295.91452,327.3413,343.1804,338.90634,383.9095,400,395.72595,376.8699,338.90634,297.423,229.79259,187.80641,179.00691,142.30045,120.175995,97.04588,69.89315,65.36769,56.81961,51.79133,52.796986,45.505974,48.27153,37.963547,33.689503,26.398493,20.615965,15.3362665,11.31364,14.33061,11.062225,10.307982,2.262728,2.0113137,1.0056568,0.75424266,0,0,0,0,0,0,0,0,0,0,0,0,0,0,0,0,0,0,0,0,0,0,0,0,0,0,0,0,0,0,0,0,0,0,0,0,0,0,0,0,0,0,0,0,0,0,0,0,0,0,0,0,0,0,0,0,0,0,0,0,0,0,0,0,0,0,0,0,0,0,0,0,0,0,0,0,0,0,0,0,0,0,0,0,0,0,0,0,0,0,0,0,0,0,0,0,0,0,0,0,0,0,0,0,0,0,0,0,0,0,0,0,0,0,0,0,0,0,0,0,0,0,0,0,0,0,0,0,0,0,0,0,0,0,0,0,0,0,0,0,0,0,0,0,0,0,0,0,0,0,0,0,0,0,0,0,0,0,0,0,0,0,0,0,0,0,0,0,0,0,0,0,0,0,0,0,0,0,0,0,0,0,0,0,0,0,0,0,0,0,0,0,0,0,0,0,0,0,0,0,64.14603,79.26988,74.57627,89.17862,107.953064,120.990875,119.42634,120.990875,136.63625,153.84616,152.80313,154.88918,140.28683,129.85658,125.68449,101.1734,104.302475,99.08736,99.08736,117.34029,117.34029,131.42113,176.2712,184.09387,207.56194,223.72882,273.794,273.2725,301.9557,340.0261,356.71448,347.84875,383.3116,367.1447,313.42896,321.77313,323.8592,298.8266,269.62192,245.11082,250.84746,216.94916,190.87354,192.95958,156.97523,143.93742,121.51239,124.11995,104.82399,104.82399,95.95828,108.996086,84.48501,111.08214,112.646675,125.16297,134.5502,135.07172,107.953064,85.00652,88.657104,75.097786,62.059975,41.19948,42.242504,34.94133,33.898304,31.290743,30.769232,31.290743,31.290743,26.597132,34.41982,28.161669,26.597132,28.683182,23.468058,27.640156,30.247719,28.683182,33.898304,35.46284,39.63494,59.973927,51.108215,52.672752,68.83964,62.581486,56.84485,73.53325,58.9309,67.79661,82.92047,78.74837,96.47979,127.77054,163.23338,216.94916,262.32074,332.2034,377.57498,400,370.79532,337.41852,310.29987,239.8957,202.3468,139.2438,128.81355,100.65189,78.74837,53.194263,49.54368,44.850067,33.898304,41.720993,37.548893,32.333767,30.769232,23.98957,26.597132,15.645371,17.73142,10.95176,8.86571,14.602346,7.301173,4.6936116,5.736636,4.6936116,3.6505866,3.1290743,2.0860496,2.607562,0.5215124,0,0,0.5215124,0,0,0,0,0,0,0,0,0,0,0,0,0,0,0,0,0,0,0,0,0,0,0,0,0,0,0,0,0,0,0,0,0,0,0,0,0,0,0,0,0,0,0,0,0,0,0,0,0,0,0,0,0,0,0,0,0,0,0,0,0,0,0,0,0,0,0,0,0,0,0,0,0,0,0,0,0,0,0,0,0,0,0,0,0,0,0,0,0,0,0,0,0,0,0,0,0,0,0,0,0,0,0,0,0,0,0,0,0,0,0,0,0,0,0,0,0,0,50,0
0,0,0,0,0,0,0.48721072,0,2.4360535,2.9232643,1.4616321,3.410475,4.3848963,3.410475,3.8976858,6.3337393,4.3848963,5.8465285,6.3337393,4.3848963,4.872107,5.8465285,7.7953715,7.308161,6.82095,7.7953715,9.744214,8.282582,10.718636,14.616322,29.719854,40.9257,51.644337,85.26188,121.80268,142.75275,141.77832,183.19124,157.85628,179.78076,170.03654,212.91109,199.7564,180.26796,177.83191,196.34592,176.37029,188.06334,192.93544,187.08891,204.62851,218.75761,227.5274,216.32156,219.24483,247.01584,248.96468,224.11693,232.88672,211.93666,213.88551,209.98782,211.44945,196.83313,212.42387,188.55055,175.39586,155.90742,175.88307,199.7564,206.09013,216.80878,244.09258,283.55664,312.30206,328.86725,318.1486,338.61145,386.8453,362.972,346.40683,400,378.56274,346.89404,367.8441,342.0219,337.1498,342.0219,327.4056,334.22656,290.3776,262.60657,238.73325,216.80878,196.83313,158.83069,112.54568,89.646774,57.490864,38.489647,31.181486,27.2838,20.950062,14.616322,10.718636,13.15469,7.7953715,3.8976858,4.3848963,2.4360535,0.97442144,0.48721072,0.48721072,0,0,0,0,0,0,0,0,0,0,0,0,0,0,0,0,0,0,0,0,0,0,0,0,0,0,0,0,0,0,0,0,0,0,0,0,0,0,0,0,0,0,0,0,0,0,0,0,0,0,0,0,0,0,0,0,0,0,0,0,0,0,0,0,0,0,0,0,0,0,0,0,0,0,0,0,0,0,0,0,0,0,0,0,0,0,0,0,0,0,0,0,0,0,0,0,0,0,0,0,0,0,0,0,0,0,0,0,0,0,0,0,0,0,0,0,0,0,0,0,0,0,0,0,0,0,0,0,0,0,0,0,0,0,0,0,0,0,0,0,0,0,8.433048,10.256411,13.219374,11.623932,15.270656,15.270656,13.447294,15.270656,16.866096,21.19658,18.0057,21.652422,23.475784,29.17379,40.79772,58.80342,63.817665,86.38177,112.36468,131.7379,188.71796,203.98862,222.22223,231.79488,232.93448,232.70656,260.2849,275.09973,315.21368,327.9772,351.22507,392.47864,400,386.5527,343.01996,347.12253,303.1339,246.83762,211.28206,195.78348,138.11966,121.48148,97.09402,71.111115,61.310543,54.472935,45.584045,43.532764,34.188034,25.527065,26.894588,23.247864,20.2849,17.549858,17.549858,16.410257,12.763533,10.940171,6.609687,8.433048,10.712251,7.5213675,6.1538463,5.6980057,2.5071225,2.7350428,3.4188035,2.2792025,2.5071225,1.3675214,2.7350428,1.8233619,2.0512822,0.91168094,0.45584047,0.22792023,0,0.91168094,0.22792023,0,0,0,0,0,0,0,0,0,0,0,0,0,0,0,0,0,0,0,0,0,0,0,0,0,0,0,0,0,0,0,0,0,0,0,0,0,0,0,0,0,0,0,0,0,0,0,0,0,0,0,0,0,0,0,0,0,0,0,0,0,0,0,0,0,0,0,0,0,0,0,0,0,0,0,0,0,0,0,0,0,0,0,0,0,0,0,0,0,0,0,0,0,0,0,0,0,0,0,0,0,0,0,0,0,0,0,0,0,0,0,0,0,0,0,0,0,0,0,0,0,0,0,0,0,0,0,0,0,0,0,0,0,0,0,0,0,0,0,0,0,0,0,0,0,0,0,0,0,0,0,0,0,0,0,0,0,0,0,0,0,0,0,0,0,0,0,0,0,0,0,0,0,0,0,0,33.618233,44.444443,46.723644,42.16524,65.52706,78.63248,80.91168,82.05128,109.4017,93.44729,109.4017,111.11111,123.07692,133.90314,137.89174,145.29915,136.18233,133.90314,139.03134,122.50712,130.48433,148.71794,141.88034,143.58974,186.32478,249.57265,295.15668,338.46152,400,398.86038,388.03418,373.21936,353.27634,311.1111,303.7037,282.62106,312.2507,291.1681,297.43588,253.56125,233.04843,214.8148,194.30199,185.18518,165.81197,133.33333,131.05412,107.122505,122.50712,114.529915,112.82051,106.552704,120.22792,153.27635,128.77493,141.88034,150.42735,129.91452,112.82051,112.82051,88.319084,104.8433,90.59829,101.4245,83.19088,80.91168,78.062675,76.35327,74.643875,67.80627,72.93447,66.666664,72.93447,67.80627,72.36467,66.666664,62.678062,41.59544,41.59544,46.723644,39.88604,30.76923,39.88604,24.501425,28.490028,18.233618,17.663816,26.780626,25.071224,23.361822,26.780626,21.652422,26.780626,33.04843,22.222221,30.199429,28.490028,23.361822,28.490028,26.210825,19.94302,19.373219,20.51282,24.501425,33.04843,29.059828,26.210825,34.757835,31.339031,29.059828,29.059828,37.60684,34.188034,32.47863,38.176636,26.780626,26.210825,44.444443,48.43305,42.735043,62.678062,68.94587,83.76068,65.52706,63.81766,77.492874,89.45869,94.01709,108.26211,161.82336,199.43019,269.51566,307.6923,365.24216,343.01993,264.38745,224.50142,192.02278,146.43874,135.04272,121.367516,95.726494,116.80911,99.715096,82.62108,86.03989,63.81766,74.07407,61.53846,67.236465,66.09686,60.398857,61.53846,56.410255,42.16524,41.02564,38.746437,34.757835,36.467236,35.327633,21.08262,33.618233,19.94302,35.327633,31.339031,22.222221,31.339031,38.746437,33.04843,27.350426,29.059828,27.350426,25.641026,17.663816,18.233618,13.1054125,9.686609,7.4074073,2.8490028,2.8490028,1.1396011,1.7094016,1.1396011,0.56980056,1.1396011,1.1396011,0,0,0,0,0,0,0,0,0,0,0,0,0,0,0,0,0,0,0,0,0,0,0,0,0,0,0,0,0,0,0,0,0,0,0,0,0,0,0,0,0,0,0,0,0,0,0,0,0,0,0,0,0,0,0,0,0,0,0,0,0,0,0,0,0,0,0,0,0,0,100,0
20.79184,20.014574,18.460045,23.512266,25.261112,29.827545,38.571777,51.785282,66.94195,73.354385,81.9043,78.212296,76.36629,69.75954,59.07214,46.24727,45.178528,37.89167,30.021862,24.775322,20.014574,17.002672,15.448142,14.379403,14.185086,14.670877,17.877096,15.642458,17.19699,24.775322,27.398592,30.799126,36.045666,37.988827,44.49842,56.93466,61.79257,57.226135,63.055626,64.31868,68.01069,68.78796,69.565216,71.02259,69.85669,70.439644,70.5368,71.314064,72.09133,67.33058,58.392033,51.29949,49.25917,44.98421,42.55526,36.33714,35.17124,29.438911,27.009958,19.820257,14.670877,11.367501,8.064124,6.21812,5.343697,4.3721156,3.0119019,2.234637,2.0403206,0.58294874,0.777265,0.48579064,0.58294874,0.48579064,0.58294874,0,0.09715813,0.09715813,0,0,0,0,0,0,0,0,0,0,0,0,0,0,0,0,0,0,0,0,0,0,0,0,0,0,0,0,0,0,0,0,0,0,0,0,0,0,0,0,0,0,0,0,0,0,0,0,0,0,0,0,0,0,0,0,0,0,0,0,0,0,0,0,0,0,0,0,0,0,0,0,0,0,0,0,0,0,0,0,0,0,0,0,0,0,0,0,0,0,0,0,0,0,0,0,0,0,0,0,0,0,0,0,0,0,0,0,0,0,0,0,0,0,0,0,0,0,0,0,0,0,0,0,0,0,0,0,0,0,0,0,0,0,0,0,0,0,0,0,0,0,0,0,0,0,0,0,0,0,0,0,0,0,0,0,0,0,0,0,0,0,0,0,0,0,0,0,0,0,0,0,0,0,0,0,0,49.827938,51.479694,69.3737,82.587746,106.813484,115.07226,143.42738,188.57535,238.128,284.65244,322.9181,324.56985,327.0475,343.56503,363.11078,347.14383,353.20026,361.45905,386.23535,354.85202,352.0991,363.66138,384.03302,399.99997,399.7247,343.56503,284.37714,258.49963,224.63867,192.98003,161.0461,125.80866,87.267715,58.086716,39.366825,33.860977,19.545767,11.562284,11.286992,9.084652,4.9552646,2.4776323,0.550585,0.2752925,0,0.2752925,0,0,0,0,0,0,0,0,0,0,0,0,0,0,0,0,0,0,0,0,0,0,0,0,0,0,0,0,0,0,0,0,0,0,0,0,0,0,0,0,0,0,0,0,0,0,0,0,0,0,0,0,0,0,0,0,0,0,0,0,0,0,0,0,0,0,0,0,0,0,0,0,0,0,0,0,0,0,0,0,0,0,0,0,0,0,0,0,0,0,0,0,0,0,0,0,0,0,0,0,0,0,0,0,0,0,0,0,0,0,0,0,0,0,0,0,0,0,0,0,0,0,0,0,0,0,0,0,0,0,0,0,0,0,0,0,0,0,0,0,0,0,0,0,0,0,0,0,0,0,0,0,0,0,0,0,0,0,0,0,0,0,0,0,0,0,0,0,0,0,0,0,0,0,0,0,0,0,0,0,0,0,0,0,0,0,0,0,0,0,0,0,0,0,0,0,0,0,0,0,0,0,0,0,0,0,0,0,0,16.859007,15.955846,15.454089,14.149524,12.343202,13.84847,14.851982,17.461113,18.063221,19.869543,22.98043,36.527847,48.569996,60.31109,76.467636,92.62418,117.00954,145.50928,167.38585,184.94731,187.95786,177.42097,182.23784,172.60411,154.1395,139.2875,128.24887,111.991974,99.548416,82.99046,67.93778,52.483692,44.455593,35.22328,28.6001,17.862518,13.04566,7.827396,3.3115907,2.609132,2.5087807,1.4049172,1.0035123,0.20070246,0,0,0,0,0,0,0,0,0,0,0,0,0,0,0,0,0,0,0,0,0,0,0,0,0,0,0,0,0,0,0,0,0,0,0,0,0,0,0,0,0,0,0,0,0,0,0,0,0,0,0,0,0,0,0,0,0,0,0,0,0,0,0,0,0,0,0,0,0,0,0,0,0,0,0,0,0,0,0,0,0,0,0,0,0,0,0,0,0,0,0,0,0,0,0,0,0,0,0,0,0,0,0,0,0,0,0,0,0,0,0,0,0,0,0,0,0,0,0,0,0,0,0,0,0,0,0,0,0,0,0,0,0,0,0,0,0,0,0,0,0,0,0,0,0,0,0,0,0,0,0,0,0,0,0,0,0,0,0,0,0,0,0,0,0,0,0,0,0,0,0,0,0,0,0,0,0,0,0,0,0,0,0,0,0,0,0,0,0,0,0,0,0,0,0,0,0,0,0,0,0,0,0,0,0,0,0,0,0,0,0,0,0,5
50.547092,55.26711,65.99442,60.93113,57.32675,56.296932,53.121647,47.200172,42.394337,35.35722,26.517914,22.7419,20.081528,16.56297,14.24587,13.216047,11.585496,12.357862,11.7571335,11.671315,10.126582,12.186226,11.413859,11.156404,11.671315,13.9025955,12.786955,13.559321,13.645141,14.417506,13.9025955,15.790603,13.816777,19.30916,26.517914,31.152113,33.55503,39.476505,36.558678,40.077236,41.793606,42.56597,49.60309,50.890366,54.494743,53.121647,56.125294,56.98348,57.58421,55.78202,55.524563,62.47586,64.79296,61.960953,62.73332,58.184937,56.640205,53.121647,46.341984,45.140526,41.53615,36.644497,30.293928,23.771723,14.160051,12.100408,9.69749,8.4102125,5.921476,3.2611027,2.5745547,2.3170993,1.2014589,0.34327397,0.25745547,0,0,0.08581849,0.17163698,0,0.08581849,0,0,0,0,0,0,0,0,0,0,0,0,0,0,0,0,0,0,0,0,0,0,0,0,0,0,0,0,0,0,0,0,0,0,0,0,0,0,0,0,0,0,0,0,0,0,0,0,0,0,0,0,0,0,0,0,0,0,0,0,0,0,0,0,0,0,0,0,0,0,0,0,0,0,0,0,0,0,0,0,0,0,0,0,0,0,0,0,0,0,0,0,0,0,0,0,0,0,0,0,0,0,0,0,0,0,0,0,0,0,0,0,0,0,0,0,0,0,0,0,0,0,0,0,0,0,0,0,0,0,0,0,0,0,0,0,0,0,0,0,0,0,0,0,0,0,0,0,0,0,0,0,0,0,0,0,0,0,0,0,0,0,0,0,0,0,0,0,0,0,0,0,0,0,34.736843,43.157898,40.526318,55.526318,76.052635,84.210526,97.10527,121.57895,161.3158,181.3158,245.00002,271.57895,289.4737,306.3158,317.89474,327.89474,315.7895,343.42105,359.21054,373.1579,400,375.7895,385.26318,365,360.26318,337.89474,317.6316,298.9474,240.52632,207.36842,166.3158,146.57895,117.36842,86.315796,75.26316,68.94737,55.26316,46.315792,40.526318,37.63158,26.842106,25.526318,16.842106,17.63158,12.368422,6.8421054,4.4736843,4.736842,3.4210527,2.368421,1.3157895,1.0526316,1.8421054,1.3157895,1.3157895,0.5263158,0,0,0,0,0,0,0,0,0,0,0,0,0,0,0,0,0,0,0,0,0,0,0,0,0,0,0,0,0,0,0,0,0,0,0,0,0,0,0,0,0,0,0,0,0,0,0,0,0,0,0,0,0,0,0,0,0,0,0,0,0,0,0,0,0,0,0,0,0,0,0,0,0,0,0,0,0,0,0,0,0,0,0,0,0,0,0,0,0,0,0,0,0,0,0,0,0,0,0,0,0,0,0,0,0,0,0,0,0,0,0,0,0,0,0,0,0,0,0,0,0,0,0,0,0,0,0,0,0,0,0,0,0,0,0,0,0,0,0,0,0,0,0,0,0,0,0,0,0,0,0,0,0,0,0,0,0,0,0,0,0,0,0,0,0,0,0,0,0,0,0,0,0,0,0,0,0,0,0,0,0,0,0,0,0,0,0,0,0,0,0,0,0,0,0,0,0,0,0,63.22445,65.8588,61.995083,65.64805,61.327713,57.56937,49.982437,43.519493,34.211452,30.38286,25.992273,23.88479,20.161573,20.372322,16.719355,15.7709875,13.979628,12.785388,10.010537,8.113804,6.2170706,5.0579557,3.4070952,2.5641026,1.7913593,1.7913593,1.5454865,1.1591148,0.9483667,0.73761857,0.28099754,0.31612223,0.3863716,0.21074817,0.42149633,0.35124692,0.21074817,0.035124693,0.14049877,0,0.10537408,0,0,0,0,0,0,0,0,0,0,0,0,0,0,0,0,0,0,0,0,0,0,0,0,0,0,0,0,0,0,0,0,0,0,0,0,0,0,0,0,0,0,0,0,0,0,0,0,0,0,0,0,0,0,0,0,0,0,0,0,0,0,0,0,0,0,0,0,0,0,0,0,0,0,0,0,0,0,0,0,0,0,0,0,0,0,0,0,0,0,0,0,0,0,0,0,0,0,0,0,0,0,0,0,0,0,0,0,0,0,0,0,0,0,0,0,0,0,0,0,0,0,0,0,0,0,0,0,0,0,0,0,0,0,0,0,0,0,0,0,0,0,0,0,0,0,0,0,0,0,0,0,0,0,0,0,0,0,0,0,0,0,0,0,0,0,0,0,0,0,0,0,0,0,0,0,0,0,0,0,0,0,0,0,0,0,0,0,0,0,0,0,0,0,0,0,0,0,0,0,0,0,0,0,0,0,0,0,0,0,0,0,0,0,0,0,10
4.2203984,8.440797,18.288393,47.831184,69.87104,122.391556,183.82181,248.53458,270.57443,303.86868,354.04453,351.23093,333.41147,316.9988,319.34348,275.7327,275.7327,248.06564,208.20633,158.4994,158.03047,159.43727,139.74208,117.23329,88.628365,84.40797,84.40797,65.65064,45.955452,60.96131,56.740913,55.334114,63.305977,57.209846,53.927315,46.424385,56.27198,47.831184,41.73505,44.079716,45.017586,45.955452,46.89332,41.266117,56.740913,45.017586,42.203983,35.63892,38.92145,41.266117,45.017586,66.58851,48.76905,56.740913,51.58265,50.644783,56.27198,52.520515,59.08558,60.96131,80.18757,73.622505,88.15943,107.3857,96.600235,114.41969,129.89449,140.67995,177.25673,205.39273,233.52872,256.0375,285.5803,311.3716,340.44547,376.0844,382.18054,400,381.24268,389.68347,391.09027,381.24268,353.10666,302.46188,316.06094,307.1512,271.98123,259.78897,224.61899,207.7374,170.69167,137.86635,115.35756,105.9789,86.2837,71.74677,47.831184,35.169987,27.198124,15.9437275,13.130129,14.536928,4.2203984,2.3446658,2.3446658,0,0.93786633,0.93786633,0,0,0,0,0,0,0,0,0,0,0,0,0,0,0,0,0,0,0,0,0,0,0,0,0,0,0,0,0,0,0,0,0,0,0,0,0,0,0,0,0,0,0,0,0,0,0,0,0,0,0,0,0,0,0,0,0,0,0,0,0,0,0,0,0,0,0,0,0,0,0,0,0,0,0,0,0,0,0,0,0,0,0,0,0,0,0,0,0,0,0,0,0,0,0,0,0,0,0,0,0,0,0,0,0,0,0,0,0,0,0,0,0,0,0,0,0,0,0,0,0,0,0,0,0,0,0,0,0,0,0,0,0,0,0,0,0,0,0,0,0,0,0,0,0,0,0,12.848485,14.303031,12.121212,17.454546,15.515152,16,18.666668,17.939394,18.909092,22.78788,27.39394,36.363636,57.939396,73.21212,87.030304,97.45455,109.818184,141.57576,148.8485,158.54546,171.39395,174.30304,163.63637,170.9091,187.15152,177.45454,186.66667,201.69698,243.15152,263.0303,296.7273,319.7576,342.30304,343.27274,391.27274,400,387.87878,349.57578,312.7273,268.36365,251.63637,197.33334,164.36365,130.18182,99.63637,76.84849,61.333336,44.363636,32.484848,25.454546,18.424244,16.727274,17.212122,12.121212,15.272728,10.666667,10.909091,10.181818,8.727273,9.454546,6.545455,3.878788,6.545455,5.575758,3.878788,3.6363637,3.1515152,3.3939395,1.6969697,3.1515152,1.4545455,1.939394,0.969697,1.4545455,0.72727275,0.24242425,0,0,0,0,0,0,0,0,0,0,0,0,0,0,0,0,0,0,0,0,0,0,0,0,0,0,0,0,0,0,0,0,0,0,0,0,0,0,0,0,0,0,0,0,0,0,0,0,0,0,0,0,0,0,0,0,0,0,0,0,0,0,0,0,0,0,0,0,0,0,0,0,0,0,0,0,0,0,0,0,0,0,0,0,0,0,0,0,0,0,0,0,0,0,0,0,0,0,0,0,0,0,0,0,0,0,0,0,0,0,0,0,0,0,0,0,0,0,0,0,0,0,0,0,0,0,0,0,0,0,0,0,0,0,0,0,0,0,0,0,0,0,0,0,0,0,0,0,0,0,0,0,0,0,0,0,0,0,0,0,0,0,0,0,0,0,0,0,0,0,0,0,0,0,0,0,0,0,0,12.826087,17.934782,17.173912,21.95652,34.45652,42.5,51.086956,58.695652,65.434784,69.13043,80.32609,88.36956,88.36956,104.347824,118.58695,129.13043,121.847824,122.17391,116.41304,121.08695,118.15217,123.804344,123.58695,129.13043,122.17391,118.58695,110.54347,96.41304,92.17391,79.565216,67.934784,57.282608,50.21739,41.95652,37.282608,30.543478,29.673912,28.260868,26.195652,18.260868,15.108695,12.391304,11.847826,10.326087,9.565217,10.652174,8.695652,6.521739,4.021739,3.0434783,2.9347825,3.1521738,1.9565216,1.7391304,1.7391304,0.9782608,0.9782608,1.0869565,0.6521739,0.8695652,0.76086956,0.4347826,0.6521739,0.2173913,0.10869565,0.2173913,0.10869565,0,0,0,0,0,0,0,0,0,0,0,0,0,0,0,0,0,0,0,0,0,0,0,0,0,0,0,0,0,0,0,0,0,0,0,0,0,0,0,0,0,0,0,0,0,0,0,0,0,0,0,0,0,0,0,0,0,0,0,0,0,0,0,0,0,0,0,0,0,0,0,0,0,0,0,0,0,0,0,0,0,0,0,0,0,0,0,0,0,0,0,0,0,0,0,0,0,0,0,0,0,0,0,0,0,0,0,0,0,0,0,0,0,0,0,0,0,0,0,0,0,0,0,0,0,0,0,0,0,0,0,0,0,0,0,0,0,0,0,0,0,0,0,0,0,0,0,0,0,0,0,0,0,0,0,0,0,0,0,0,0,0,0,0,0,0,0,0,0,0,0,0,0,0,0,0,0,0,0,0,0,0,0,0,0,0,0,0,0,0,25
0,0,1.2847965,2.9978585,10.278372,12.4197,26.552462,33.832977,60.8137,87.79443,126.766594,139.61456,154.17558,178.15845,167.88008,173.44753,172.591,182.01285,187.58029,194.43254,212.4197,191.00642,211.99142,195.28908,228.26552,180.72804,152.8908,122.05567,120.342606,100.642395,95.50321,92.07709,86.509636,55.674515,49.250534,49.6788,58.24411,47.53747,38.97216,44.96788,50.963596,46.252674,43.254818,51.39186,36.830833,52.67666,48.394,48.82227,39.828693,35.546036,37.259098,35.11777,36.830833,41.97002,47.53747,47.965736,49.250534,37.259098,35.546036,35.546036,39.828693,35.11777,26.980728,30.40685,31.263382,35.974304,32.976444,31.263382,31.691648,30.835117,34.261242,38.11563,42.82655,39.40043,46.680943,50.107063,44.111347,42.82655,44.111347,39.40043,56.102783,52.248394,58.672375,61.24197,60.8137,58.24411,69.80728,80.513916,75.37473,93.361885,112.20557,120.770874,134.0471,144.75374,161.88437,205.99571,201.71306,256.95932,254.81798,296.35974,315.20343,337.47324,340.04282,378.5867,400,374.30405,368.7366,340.47107,347.32333,290.364,265.52463,240.68521,219.27194,200.85652,185.86723,151.60599,127.194855,127.194855,85.22484,71.09207,53.104923,44.96788,38.11563,17.558886,17.558886,9.850107,3.8543897,3.426124,2.1413276,0.856531,0,0,0,0,0,0,0,0,0,0,0,0,0,0,0,0,0,0,0,0,0,0,0,0,0,0,0,0,0,0,0,0,0,0,0,0,0,0,0,0,0,0,0,0,0,0,0,0,0,0,0,0,0,0,0,0,0,0,0,0,0,0,0,0,0,0,0,0,0,0,0,0,0,0,0,0,0,0,0,0,0,0,0,0,0,0,0,0,0,0,0,0,0,0,0,0,0,0,0,0,0,0,0,0,0,0,0,0,0,0,0,0,0,0,0,0,0,0,0,0,0,0,0,0,0,3.7583892,3.7583892,5.3691273,9.127517,9.932886,13.422818,12.348993,12.885906,15.838925,13.959731,17.449663,13.422818,17.181208,20.402683,16.107382,19.060402,19.597315,20.939596,24.42953,30.872482,30.33557,35.167786,45.90604,52.080536,64.96644,93.15436,86.71141,101.20805,121.34228,148.18791,153.8255,144.42952,116.77852,116.24161,120,131.27516,139.32886,138.52348,124.832214,119.194626,126.44295,147.38255,172.08054,189.79866,231.14093,228.99329,259.32886,277.31543,350.33557,359.46307,400,365.63757,356.51007,322.953,288.05368,243.75838,234.36241,207.78523,190.60402,169.93288,141.4765,116.77852,107.382545,96.37584,89.932884,86.17449,74.89933,67.382545,56.91275,45.90604,33.557045,32.75168,27.38255,21.744967,18.791946,19.060402,11.275167,10.738255,8.590604,8.322147,5.6375837,5.6375837,4.5637584,2.6845636,2.4161074,2.95302,1.6107383,2.147651,2.147651,0.80536914,0.26845637,0.26845637,0,0,0,0,0,0,0,0,0,0,0,0,0,0,0,0,0,0,0,0,0,0,0,0,0,0,0,0,0,0,0,0,0,0,0,0,0,0,0,0,0,0,0,0,0,0,0,0,0,0,0,0,0,0,0,0,0,0,0,0,0,0,0,0,0,0,0,0,0,0,0,0,0,0,0,0,0,0,0,0,0,0,0,0,0,0,0,0,0,0,0,0,0,0,0,0,0,0,0,0,0,0,0,0,0,0,0,0,0,0,0,0,0,0,0,0,0,0,0,0,0,0,0,0,0,0,0,0,0,0,0,0,0,0,0,0,0,0,0,0,0,0,0,0,0,0,0,0,0,0,0,0,0,0,0,0,0,0,0,0,0,0,0,13.151927,11.640212,14.512472,13.151927,12.244898,13.756614,18.594105,24.187452,30.839003,41.26984,62.585033,76.341644,86.31897,109.599396,115.9486,109.599396,118.21618,120.33258,121.84429,111.7158,111.56463,100.22676,104.91308,107.78534,107.93651,108.39002,105.36659,109.90174,120.181404,123.809525,126.53061,146.63643,155.40439,167.19577,160.54422,153.7415,135.90324,128.49585,115.9486,114.134544,92.06349,75.58579,68.783066,64.09675,63.340893,58.503403,49.130764,40.513985,38.54875,34.61829,23.280424,19.954649,20.710506,16.628874,15.419501,13.000756,9.826153,8.012094,5.139834,5.291005,1.2093726,1.9652306,1.5117158,0.45351475,1.0582011,0.45351475,0.15117158,0.15117158,0,0,0,0,0,0,0,0,0,0,0,0,0,0,0,0,0,0,0,0,0,0,0,0,0,0,0,0,0,0,0,0,0,0,0,0,0,0,0,0,0,0,0,0,0,0,0,0,0,0,0,0,0,0,0,0,0,0,0,0,0,0,0,0,0,0,0,0,0,0,0,0,0,0,0,0,0,0,0,0,0,0,0,0,0,0,0,0,0,0,0,0,0,0,0,0,0,0,0,0,0,0,0,0,0,0,0,0,0,0,0,0,0,0,0,0,0,0,0,0,0,0,0,0,0,0,0,0,0,0,0,0,0,0,0,0,0,0,0,0,0,0,0,0,0,0,0,0,0,0,0,0,0,0,0,0,0,0,0,0,0,0,0,0,0,0,0,0,0,0,0,0,0,0,0,0,0,0,0,0,0,0,0,0,0,0,0,0,0,50
0,0.40567952,0,0,0.40567952,1.2170386,0.81135905,2.4340773,5.6795135,8.92495,16.22718,23.935091,41.784992,70.182556,87.2211,115.21298,127.78905,128.19473,133.06288,159.83774,148.07303,190.66937,191.07506,163.48885,159.43205,136.714,124.13793,126.16633,141.98784,127.78905,95.33469,105.882355,98.9858,124.949295,122.109535,112.37323,99.797165,77.07911,64.90872,60.85193,69.3712,66.12576,74.23935,62.474648,68.96552,65.3144,44.62475,60.85193,45.030426,49.4929,60.04057,42.59635,54.766735,54.361057,43.407707,30.425964,30.831644,47.058826,44.62475,39.350914,37.728195,33.26572,28.803246,36.916836,37.728195,37.728195,43.00203,41.37931,40.973633,34.48276,39.75659,39.350914,40.162273,39.75659,38.945236,45.841785,44.62475,36.916836,32.45436,30.831644,36.511158,36.511158,43.407707,40.162273,58.012173,59.22921,61.257607,48.275864,59.22921,70.588234,62.880325,66.53144,69.3712,77.07911,78.29615,92.494934,79.107506,101.82556,101.0142,124.949295,144.4219,155.78094,150.50711,191.88641,195.53754,204.86816,260.44626,279.91888,342.39352,381.33875,400,390.66937,365.11157,363.08316,382.5558,357.40366,318.45844,299.39148,253.14403,214.19879,191.07506,156.18661,117.24138,98.9858,79.91887,56.79513,44.219067,26.36917,21.906694,11.764707,5.2738338,4.056795,0.40567952,0,0,0,0,0,0,0,0,0,0,0,0,0,0,0,0,0,0,0,0,0,0,0,0,0,0,0,0,0,0,0,0,0,0,0,0,0,0,0,0,0,0,0,0,0,0,0,0,0,0,0,0,0,0,0,0,0,0,0,0,0,0,0,0,0,0,0,0,0,0,0,0,0,0,0,0,0,0,0,0,0,0,0,0,0,0,0,0,0,0,0,0,0,0,0,0,0,0,0,0,0,0,0,0,0,0,0,0,0,0,0,0,0,0,0,0,0,0,0,0,0,0,6.0529633,9.5838585,12.1059265,13.619167,14.627995,17.654476,19.67213,19.67213,21.185371,25.22068,24.716267,28.751575,26.733921,35.813366,38.839848,38.839848,43.883984,60.02522,51.9546,52.459015,68.60025,68.09584,83.73266,78.68852,74.1488,86.25473,79.69735,80.70618,71.62673,64.06053,76.67087,79.69735,87.76797,109.45775,133.16519,159.89911,177.04918,197.73013,217.40227,267.3392,285.4981,286.50693,256.74652,263.80832,249.18033,249.68474,237.57881,205.29634,184.11096,180.58008,174.02269,186.12862,193.69482,213.36696,243.63177,280.45398,274.401,273.39218,271.87894,286.0025,330.3909,333.4174,333.9218,362.16898,353.08954,400,385.372,368.72635,325.34677,332.40857,339.47037,370.2396,362.16898,374.7793,362.67337,387.89407,366.20428,340.98358,352.0807,287.01135,262.29507,229.00378,183.10214,176.04034,147.79318,126.1034,92.30769,60.529633,55.485497,40.35309,33.291298,20.680958,18.663303,10.592686,12.61034,9.5838585,3.5308952,3.0264816,4.035309,4.035309,1.0088272,0.5044136,0.5044136,0,0,0,0,0,0,0,0,0,0,0,0,0,0,0,0,0,0,0,0,0,0,0,0,0,0,0,0,0,0,0,0,0,0,0,0,0,0,0,0,0,0,0,0,0,0,0,0,0,0,0,0,0,0,0,0,0,0,0,0,0,0,0,0,0,0,0,0,0,0,0,0,0,0,0,0,0,0,0,0,0,0,0,0,0,0,0,0,0,0,0,0,0,0,0,0,0,0,0,0,0,0,0,0,0,0,0,0,0,0,0,0,0,0,0,0,0,0,0,0,0,0,0,0,0,0,0,0,0,0,0,0,0,0,0,0,0,0,0,0,0,0,0,0,0,0,0,0,0,0,0,0,14.990859,17.184643,15.904936,17.184643,16.453382,20.292505,17.73309,18.647167,19.378428,19.012796,24.314442,19.744059,21.023766,20.292505,21.023766,23.21755,29.616089,36.19744,42.778793,51.553932,71.480804,79.15905,89.39671,98.72029,104.7532,124.13163,137.84277,132.72395,150.63986,148.08044,147.16637,143.69287,135.649,134.3693,130.71298,125.959785,129.06764,133.45522,127.60512,139.48811,127.97075,135.10056,142.41316,146.98355,151.0055,144.78976,142.59598,136.38026,125.77697,111.882996,100,96.70933,82.632545,81.53565,78.79342,82.632545,77.330894,75.86837,75.685555,67.45887,63.619743,48.994514,50.639854,37.47715,36.563072,35.46618,21.389397,17.73309,14.259598,7.4954295,5.667276,2.1937842,0.9140768,0.36563072,0.18281536,0,0,0,0,0,0,0,0,0,0,0,0,0,0,0,0,0,0,0,0,0,0,0,0,0,0,0,0,0,0,0,0,0,0,0,0,0,0,0,0,0,0,0,0,0,0,0,0,0,0,0,0,0,0,0,0,0,0,0,0,0,0,0,0,0,0,0,0,0,0,0,0,0,0,0,0,0,0,0,0,0,0,0,0,0,0,0,0,0,0,0,0,0,0,0,0,0,0,0,0,0,0,0,0,0,0,0,0,0,0,0,0,0,0,0,0,0,0,0,0,0,0,0,0,0,0,0,0,0,0,0,0,0,0,0,0,0,0,0,0,0,0,0,0,0,0,0,0,0,0,0,0,0,0,0,0,0,0,0,0,0,0,0,0,0,0,0,0,0,0,0,0,0,0,0,0,0,0,0,0,0,0,100
-0.005622353553426586,19.000000312924385,0.0,1.0
-0.005570496226476539,19.000000312924385,0.0,1.0
-0.0055216465320101875,19.000000312924385,0.0,1.0
-0.005533335945574215,19.000000312924385,0.0,1.0
0.10730555506799001,23.507478511225603,3.205357238650322,0.900300682339988
