0.535,0.036,0.429,0.547,0.547,0.547,0.594,0.071,0.335,0.677,0.006,0.317,0.64,0.039,0.321,80,0,60
0.644,0.012,0.344,0.657,0.657,0.657,0.583,0.057,0.36,0.697,0.0,0.303,0.613,0.005,0.382,100,20,40
0.497,0.151,0.352,0.507,0.507,0.507,0.412,0.141,0.447,0.638,0.005,0.357,0.5,0.004,0.496,60,0,80
0.657,0.039,0.304,0.691,0.691,0.691,0.573,0.047,0.38,0.663,0.001,0.336,0.447,0.084,0.469,40,20,80
0.575,0.021,0.404,0.694,0.694,0.694,0.656,0.024,0.32,0.67,0.019,0.311,0.502,0.08,0.418,40,20,100
0.449,0.177,0.374,0.59,0.59,0.59,0.46,0.08,0.46,0.478,0.197,0.325,0.486,0.207,0.307,60,0,100
0.529,0.132,0.339,0.609,0.609,0.609,0.527,0.032,0.441,0.527,0.072,0.401,0.41,0.223,0.367,40,0,100
0.407,0.081,0.512,0.472,0.472,0.472,0.618,0.056,0.326,0.654,0.031,0.315,0.66,0.027,0.313,100,20,60
0.562,0.096,0.342,0.69,0.69,0.69,0.429,0.068,0.503,0.614,0.011,0.375,0.545,0.121,0.334,60,20,100
0.471,0.136,0.393,0.664,0.664,0.664,0.623,0.019,0.358,0.672,0.023,0.305,0.446,0.093,0.461,60,0,80
0.465,0.085,0.45,0.533,0.533,0.533,0.689,0.009,0.302,0.693,0.002,0.305,0.681,0.017,0.302,100,20,60
0.589,0.111,0.3,0.657,0.657,0.657,0.409,0.028,0.563,0.604,0.024,0.372,0.587,0.066,0.347,40,20,80
0.668,0.021,0.311,0.679,0.679,0.679,0.587,0.074,0.339,0.644,0.018,0.338,0.478,0.117,0.405,60,20,100
0.559,0.063,0.378,0.643,0.643,0.643,0.629,0.004,0.367,0.658,0.02,0.322,0.514,0.017,0.469,60,0,100
0.604,0.033,0.363,0.657,0.657,0.657,0.42,0.018,0.562,0.537,0.133,0.33,0.59,0.02,0.39,40,20,100
0.696,0.001,0.303,0.696,0.696,0.696,0.507,0.157,0.336,0.595,0.069,0.336,0.513,0.123,0.364,40,20,80
0.473,0.098,0.429,0.592,0.592,0.592,0.534,0.012,0.454,0.628,0.043,0.329,0.499,0.073,0.428,60,20,100
0.518,0.049,0.433,0.52,0.52,0.52,0.696,0.001,0.303,0.699,0.0,0.301,0.528,0.097,0.375,60,20,100
0.667,0.022,0.311,0.677,0.677,0.677,0.602,0.015,0.383,0.629,0.043,0.328,0.678,0.009,0.313,80,20,40
0.598,0.053,0.349,0.653,0.653,0.653,0.679,0.02,0.301,0.695,0.003,0.302,0.643,0.016,0.341,80,0,40
0.486,0.036,0.478,0.614,0.614,0.614,0.626,0.061,0.313,0.627,0.018,0.355,0.616,0.027,0.357,80,0,40
0.586,0.113,0.301,0.683,0.683,0.683,0.531,0.165,0.304,0.562,0.01,0.428,0.622,0.059,0.319,80,0,40
0.538,0.113,0.349,0.563,0.563,0.563,0.438,0.192,0.37,0.617,0.017,0.366,0.45,0.097,0.453,60,20,100
0.677,0.006,0.317,0.697,0.697,0.697,0.423,0.116,0.461,0.531,0.165,0.304,0.455,0.157,0.388,60,20,100
0.467,0.189,0.344,0.65,0.65,0.65,0.535,0.051,0.414,0.595,0.001,0.404,0.423,0.152,0.425,40,20,100
0.65,0.01,0.34,0.657,0.657,0.657,0.579,0.102,0.319,0.648,0.002,0.35,0.446,0.214,0.34,60,0,80
0.445,0.018,0.537,0.624,0.624,0.624,0.479,0.153,0.368,0.556,0.002,0.442,0.697,0.002,0.301,100,0,60
0.433,0.159,0.408,0.632,0.632,0.632,0.642,0.028,0.33,0.677,0.011,0.312,0.614,0.004,0.382,100,0,60
0.404,0.162,0.434,0.584,0.584,0.584,0.504,0.162,0.334,0.693,0.001,0.306,0.69,0.008,0.302,100,0,40
0.649,0.033,0.318,0.674,0.674,0.674,0.419,0.054,0.527,0.515,0.15,0.335,0.513,0.092,0.395,40,0,100
0.464,0.022,0.514,0.617,0.617,0.617,0.404,0.214,0.382,0.51,0.035,0.455,0.461,0.008,0.531,40,20,80
0.459,0.177,0.364,0.502,0.502,0.502,0.643,0.041,0.316,0.652,0.011,0.337,0.635,0.016,0.349,80,0,40
0.492,0.141,0.367,0.567,0.567,0.567,0.596,0.078,0.326,0.635,0.043,0.322,0.657,0.032,0.311,80,0,60
0.515,0.021,0.464,0.626,0.626,0.626,0.454,0.051,0.495,0.63,0.044,0.326,0.659,0.029,0.312,80,0,40
0.575,0.074,0.351,0.628,0.628,0.628,0.543,0.137,0.32,0.653,0.022,0.325,0.642,0.055,0.303,100,20,40
0.62,0.041,0.339,0.676,0.676,0.676,0.634,0.056,0.31,0.675,0.007,0.318,0.683,0.001,0.316,80,0,60
0.505,0.013,0.482,0.695,0.695,0.695,0.672,0.007,0.321,0.697,0.002,0.301,0.416,0.232,0.352,60,20,100
0.522,0.115,0.363,0.674,0.674,0.674,0.686,0.01,0.304,0.692,0.001,0.307,0.514,0.079,0.407,40,20,80
0.406,0.203,0.391,0.453,0.453,0.453,0.428,0.057,0.515,0.448,0.083,0.469,0.477,0.206,0.317,60,20,100
0.484,0.072,0.444,0.584,0.584,0.584,0.643,0.052,0.305,0.683,0.002,0.315,0.666,0.014,0.32,100,20,40
0.69,0.006,0.304,0.697,0.697,0.697,0.505,0.001,0.494,0.577,0.099,0.324,0.471,0.212,0.317,40,20,80
0.544,0.096,0.36,0.671,0.671,0.671,0.554,0.097,0.349,0.699,0.001,0.3,0.565,0.032,0.403,40,20,100
0.68,0.006,0.314,0.693,0.693,0.693,0.573,0.047,0.38,0.638,0.046,0.316,0.631,0.01,0.359,100,0,60
0.608,0.058,0.334,0.628,0.628,0.628,0.684,0.001,0.315,0.686,0.008,0.306,0.567,0.011,0.422,60,0,100
0.444,0.167,0.389,0.489,0.489,0.489,0.658,0.002,0.34,0.676,0.007,0.317,0.459,0.077,0.464,40,0,100
0.46,0.165,0.375,0.463,0.463,0.463,0.61,0.076,0.314,0.612,0.069,0.319,0.54,0.004,0.456,40,0,100
0.426,0.247,0.327,0.563,0.563,0.563,0.545,0.142,0.313,0.591,0.06,0.349,0.448,0.149,0.403,40,0,80
0.464,0.095,0.441,0.549,0.549,0.549,0.519,0.056,0.425,0.519,0.068,0.413,0.598,0.057,0.345,40,0,80
0.54,0.037,0.423,0.67,0.67,0.67,0.479,0.134,0.387,0.623,0.006,0.371,0.53,0.092,0.378,40,20,100
0.551,0.044,0.405,0.633,0.633,0.633,0.62,0.036,0.344,0.685,0.006,0.309,0.469,0.132,0.399,40,20,80
0.415,0.141,0.444,0.496,0.496,0.496,0.45,0.021,0.529,0.591,0.077,0.332,0.475,0.141,0.384,40,0,100
0.48,0.027,0.493,0.654,0.654,0.654,0.58,0.029,0.391,0.682,0.002,0.316,0.516,0.15,0.334,60,20,100
0.414,0.241,0.345,0.631,0.631,0.631,0.575,0.09,0.335,0.612,0.011,0.377,0.568,0.015,0.417,40,20,80
0.45,0.098,0.452,0.569,0.569,0.569,0.468,0.207,0.325,0.575,0.043,0.382,0.599,0.076,0.325,60,20,100
0.534,0.004,0.462,0.643,0.643,0.643,0.644,0.017,0.339,0.653,0.016,0.331,0.452,0.111,0.437,60,20,80
0.631,0.038,0.331,0.672,0.672,0.672,0.553,0.103,0.344,0.631,0.053,0.316,0.659,0.031,0.31,80,0,40
0.617,0.043,0.34,0.638,0.638,0.638,0.596,0.005,0.399,0.631,0.041,0.328,0.467,0.177,0.356,40,20,80
0.63,0.028,0.342,0.696,0.696,0.696,0.623,0.007,0.37,0.653,0.022,0.325,0.594,0.067,0.339,40,20,80
0.654,0.026,0.32,0.698,0.698,0.698,0.638,0.054,0.308,0.667,0.0,0.333,0.428,0.03,0.542,40,20,100
0.6,0.078,0.322,0.644,0.644,0.644,0.496,0.174,0.33,0.542,0.129,0.329,0.467,0.101,0.432,60,0,80
0.438,0.256,0.306,0.491,0.491,0.491,0.483,0.128,0.389,0.624,0.059,0.317,0.556,0.111,0.333,60,0,100
0.429,0.064,0.507,0.513,0.513,0.513,0.543,0.107,0.35,0.671,0.028,0.301,0.409,0.28,0.311,60,0,80
0.484,0.1,0.416,0.622,0.622,0.622,0.698,0.001,0.301,0.699,0.001,0.3,0.636,0.047,0.317,100,0,40
0.657,0.031,0.312,0.682,0.682,0.682,0.491,0.186,0.323,0.564,0.02,0.416,0.657,0.028,0.315,80,0,40
0.401,0.186,0.413,0.526,0.526,0.526,0.54,0.105,0.355,0.68,0.012,0.308,0.66,0.001,0.339,80,0,60
0.652,0.02,0.328,0.653,0.653,0.653,0.567,0.012,0.421,0.643,0.048,0.309,0.52,0.02,0.46,60,20,80
0.588,0.033,0.379,0.68,0.68,0.68,0.64,0.033,0.327,0.644,0.046,0.31,0.441,0.078,0.481,40,20,100
0.668,0.009,0.323,0.675,0.675,0.675,0.578,0.076,0.346,0.599,0.039,0.362,0.649,0.005,0.346,80,0,40
0.484,0.178,0.338,0.526,0.526,0.526,0.634,0.037,0.329,0.684,0.002,0.314,0.644,0.038,0.318,80,20,60
0.652,0.017,0.331,0.668,0.668,0.668,0.548,0.139,0.313,0.62,0.065,0.315,0.664,0.013,0.323,80,0,60
0.545,0.087,0.368,0.645,0.645,0.645,0.617,0.038,0.345,0.644,0.046,0.31,0.486,0.106,0.408,40,0,100
0.458,0.021,0.521,0.627,0.627,0.627,0.527,0.016,0.457,0.567,0.103,0.33,0.457,0.085,0.458,60,0,100
0.465,0.213,0.322,0.59,0.59,0.59,0.566,0.128,0.306,0.628,0.001,0.371,0.571,0.046,0.383,40,0,80
0.435,0.142,0.423,0.446,0.446,0.446,0.413,0.146,0.441,0.54,0.04,0.42,0.456,0.114,0.43,60,20,100
0.42,0.101,0.479,0.622,0.622,0.622,0.686,0.012,0.302,0.695,0.003,0.302,0.537,0.138,0.325,40,20,100
0.575,0.012,0.413,0.695,0.695,0.695,0.441,0.033,0.526,0.689,0.008,0.303,0.644,0.047,0.309,80,0,40
0.696,0.001,0.303,0.697,0.697,0.697,0.487,0.161,0.352,0.635,0.032,0.333,0.605,0.064,0.331,100,20,40
0.497,0.105,0.398,0.687,0.687,0.687,0.474,0.125,0.401,0.654,0.001,0.345,0.489,0.015,0.496,60,0,100
0.494,0.067,0.439,0.596,0.596,0.596,0.465,0.193,0.342,0.52,0.176,0.304,0.663,0.011,0.326,100,20,40
0.675,0.002,0.323,0.686,0.686,0.686,0.484,0.191,0.325,0.587,0.112,0.301,0.682,0.005,0.313,100,20,60
0.57,0.06,0.37,0.689,0.689,0.689,0.427,0.248,0.325,0.427,0.255,0.318,0.621,0.059,0.32,100,0,60
0.698,0.001,0.301,0.699,0.699,0.699,0.531,0.121,0.348,0.59,0.041,0.369,0.409,0.01,0.581,60,0,100
0.7,0.0,0.3,0.7,0.7,0.7,0.423,0.254,0.323,0.554,0.108,0.338,0.508,0.125,0.367,40,0,100
0.563,0.05,0.387,0.608,0.608,0.608,0.682,0.008,0.31,0.691,0.009,0.3,0.654,0.046,0.3,100,0,60
0.658,0.012,0.33,0.68,0.68,0.68,0.641,0.05,0.309,0.645,0.038,0.317,0.545,0.062,0.393,60,0,100
0.636,0.048,0.316,0.672,0.672,0.672,0.58,0.089,0.331,0.626,0.007,0.367,0.664,0.025,0.311,100,20,60
0.536,0.112,0.352,0.537,0.537,0.537,0.428,0.143,0.429,0.497,0.15,0.353,0.519,0.173,0.308,40,20,100
0.621,0.025,0.354,0.64,0.64,0.64,0.652,0.014,0.334,0.666,0.012,0.322,0.545,0.148,0.307,40,0,100
0.603,0.088,0.309,0.669,0.669,0.669,0.565,0.062,0.373,0.692,0.001,0.307,0.412,0.145,0.443,60,20,80
0.456,0.132,0.412,0.669,0.669,0.669,0.675,0.003,0.322,0.697,0.001,0.302,0.615,0.034,0.351,80,20,60
0.53,0.116,0.354,0.601,0.601,0.601,0.485,0.184,0.331,0.67,0.021,0.309,0.669,0.001,0.33,80,20,60
0.522,0.049,0.429,0.631,0.631,0.631,0.604,0.013,0.383,0.612,0.058,0.33,0.537,0.09,0.373,40,0,80
0.692,0.008,0.3,0.697,0.697,0.697,0.624,0.062,0.314,0.678,0.002,0.32,0.653,0.038,0.309,100,20,40
0.663,0.016,0.321,0.69,0.69,0.69,0.67,0.027,0.303,0.683,0.01,0.307,0.53,0.037,0.433,40,20,100
0.536,0.049,0.415,0.679,0.679,0.679,0.549,0.007,0.444,0.671,0.026,0.303,0.695,0.004,0.301,100,20,60
0.494,0.071,0.435,0.649,0.649,0.649,0.456,0.001,0.543,0.568,0.081,0.351,0.554,0.083,0.363,60,0,100
0.68,0.009,0.311,0.687,0.687,0.687,0.694,0.006,0.3,0.695,0.0,0.305,0.406,0.162,0.432,60,20,80
0.528,0.148,0.324,0.663,0.663,0.663,0.632,0.041,0.327,0.644,0.029,0.327,0.422,0.134,0.444,60,20,100
0.498,0.161,0.341,0.501,0.501,0.501,0.674,0.019,0.307,0.687,0.003,0.31,0.698,0.001,0.301,80,0,40
0.535,0.044,0.421,0.66,0.66,0.66,0.623,0.006,0.371,0.639,0.008,0.353,0.633,0.047,0.32,100,0,40
0.609,0.063,0.328,0.659,0.659,0.659,0.521,0.163,0.316,0.526,0.059,0.415,0.618,0.006,0.376,80,20,60
0.525,0.172,0.303,0.645,0.645,0.645,0.519,0.118,0.363,0.526,0.163,0.311,0.511,0.115,0.374,40,0,80
0.479,0.129,0.392,0.602,0.602,0.602,0.677,0.019,0.304,0.691,0.006,0.303,0.516,0.047,0.437,40,0,100
0.497,0.158,0.345,0.674,0.674,0.674,0.699,0.001,0.3,0.7,0.0,0.3,0.668,0.005,0.327,80,0,40
0.626,0.062,0.312,0.661,0.661,0.661,0.586,0.037,0.377,0.661,0.026,0.313,0.637,0.004,0.359,80,0,60
0.419,0.118,0.463,0.6,0.6,0.6,0.419,0.09,0.491,0.552,0.081,0.367,0.62,0.01,0.37,80,20,60
0.557,0.009,0.434,0.634,0.634,0.634,0.463,0.091,0.446,0.517,0.178,0.305,0.416,0.263,0.321,40,0,80
0.561,0.074,0.365,0.596,0.596,0.596,0.424,0.006,0.57,0.562,0.037,0.401,0.689,0.005,0.306,80,20,60
0.411,0.112,0.477,0.438,0.438,0.438,0.628,0.041,0.331,0.665,0.023,0.312,0.417,0.164,0.419,60,0,80
0.576,0.088,0.336,0.581,0.581,0.581,0.652,0.021,0.327,0.656,0.004,0.34,0.524,0.107,0.369,40,0,100
0.549,0.002,0.449,0.649,0.649,0.649,0.507,0.123,0.37,0.59,0.041,0.369,0.433,0.044,0.523,60,20,80
0.648,0.039,0.313,0.697,0.697,0.697,0.489,0.05,0.461,0.631,0.049,0.32,0.498,0.095,0.407,40,0,80
0.637,0.017,0.346,0.654,0.654,0.654,0.612,0.008,0.38,0.652,0.016,0.332,0.585,0.045,0.37,60,20,100
0.551,0.001,0.448,0.625,0.625,0.625,0.582,0.039,0.379,0.663,0.026,0.311,0.666,0.01,0.324,100,0,60
0.415,0.284,0.301,0.544,0.544,0.544,0.62,0.054,0.326,0.667,0.008,0.325,0.699,0.0,0.301,100,0,60
0.545,0.017,0.438,0.561,0.561,0.561,0.539,0.033,0.428,0.693,0.006,0.301,0.624,0.011,0.365,80,0,40
0.486,0.193,0.321,0.634,0.634,0.634,0.624,0.028,0.348,0.677,0.011,0.312,0.572,0.019,0.409,60,0,80
0.591,0.034,0.375,0.601,0.601,0.601,0.413,0.145,0.442,0.662,0.036,0.302,0.579,0.058,0.363,40,20,80
0.404,0.253,0.343,0.485,0.485,0.485,0.69,0.004,0.306,0.695,0.001,0.304,0.419,0.236,0.345,60,20,100
0.483,0.151,0.366,0.58,0.58,0.58,0.633,0.023,0.344,0.677,0.002,0.321,0.421,0.044,0.535,60,20,80
0.425,0.23,0.345,0.539,0.539,0.539,0.662,0.036,0.302,0.673,0.018,0.309,0.445,0.231,0.324,40,0,80
0.483,0.018,0.499,0.667,0.667,0.667,0.588,0.014,0.398,0.665,0.026,0.309,0.454,0.12,0.426,40,20,80
0.59,0.083,0.327,0.661,0.661,0.661,0.54,0.105,0.355,0.574,0.074,0.352,0.55,0.135,0.315,40,20,100
0.513,0.022,0.465,0.613,0.613,0.613,0.429,0.16,0.411,0.564,0.063,0.373,0.461,0.021,0.518,40,0,100
0.531,0.064,0.405,0.691,0.691,0.691,0.402,0.256,0.342,0.551,0.106,0.343,0.539,0.128,0.333,40,0,100
0.516,0.134,0.35,0.683,0.683,0.683,0.524,0.164,0.312,0.694,0.003,0.303,0.596,0.089,0.315,60,0,100
0.404,0.295,0.301,0.463,0.463,0.463,0.6,0.023,0.377,0.667,0.004,0.329,0.458,0.063,0.479,60,0,80
0.461,0.01,0.529,0.545,0.545,0.545,0.603,0.061,0.336,0.622,0.014,0.364,0.653,0.011,0.336,100,0,40
0.509,0.024,0.467,0.52,0.52,0.52,0.658,0.03,0.312,0.666,0.02,0.314,0.696,0.004,0.3,100,20,60
0.535,0.071,0.394,0.603,0.603,0.603,0.598,0.023,0.379,0.656,0.027,0.317,0.5,0.191,0.309,60,0,80
0.684,0.007,0.309,0.699,0.699,0.699,0.69,0.003,0.307,0.694,0.002,0.304,0.513,0.007,0.48,40,20,100
0.481,0.118,0.401,0.59,0.59,0.59,0.655,0.038,0.307,0.689,0.003,0.308,0.419,0.275,0.306,60,20,80
0.408,0.134,0.458,0.513,0.513,0.513,0.553,0.034,0.413,0.553,0.119,0.328,0.549,0.107,0.344,60,20,100
0.625,0.019,0.356,0.692,0.692,0.692,0.403,0.29,0.307,0.689,0.01,0.301,0.591,0.014,0.395,60,0,100
0.478,0.024,0.498,0.63,0.63,0.63,0.628,0.044,0.328,0.671,0.009,0.32,0.658,0.02,0.322,80,20,40
0.596,0.073,0.331,0.629,0.629,0.629,0.678,0.013,0.309,0.682,0.013,0.305,0.417,0.012,0.571,40,20,100
0.494,0.166,0.34,0.685,0.685,0.685,0.432,0.001,0.567,0.685,0.013,0.302,0.596,0.027,0.377,60,20,100
0.596,0.015,0.389,0.685,0.685,0.685,0.406,0.05,0.544,0.474,0.081,0.445,0.632,0.051,0.317,100,0,40
0.619,0.067,0.314,0.668,0.668,0.668,0.698,0.001,0.301,0.698,0.002,0.3,0.507,0.165,0.328,60,0,80
0.621,0.006,0.373,0.648,0.648,0.648,0.656,0.019,0.325,0.689,0.001,0.31,0.616,0.061,0.323,100,20,60
0.552,0.049,0.399,0.589,0.589,0.589,0.403,0.097,0.5,0.673,0.013,0.314,0.461,0.105,0.434,60,0,100
0.636,0.008,0.356,0.674,0.674,0.674,0.575,0.027,0.398,0.606,0.026,0.368,0.409,0.084,0.507,40,20,80
0.559,0.121,0.32,0.616,0.616,0.616,0.546,0.074,0.38,0.69,0.006,0.304,0.448,0.231,0.321,60,0,100
0.483,0.176,0.341,0.695,0.695,0.695,0.64,0.037,0.323,0.685,0.014,0.301,0.47,0.132,0.398,40,20,100
0.7,0.0,0.3,0.7,0.7,0.7,0.611,0.061,0.328,0.678,0.021,0.301,0.66,0.024,0.316,100,0,40
0.458,0.132,0.41,0.592,0.592,0.592,0.565,0.048,0.387,0.616,0.078,0.306,0.553,0.024,0.423,40,20,100
0.455,0.049,0.496,0.545,0.545,0.545,0.428,0.212,0.36,0.548,0.102,0.35,0.672,0.014,0.314,80,20,40
0.622,0.046,0.332,0.622,0.622,0.622,0.477,0.207,0.316,0.488,0.101,0.411,0.576,0.057,0.367,60,0,80
0.67,0.011,0.319,0.674,0.674,0.674,0.479,0.066,0.455,0.637,0.05,0.313,0.496,0.15,0.354,40,0,100
0.512,0.069,0.419,0.668,0.668,0.668,0.414,0.074,0.512,0.516,0.141,0.343,0.635,0.054,0.311,80,20,60
0.449,0.083,0.468,0.515,0.515,0.515,0.565,0.052,0.383,0.639,0.043,0.318,0.57,0.02,0.41,60,0,80
0.534,0.012,0.454,0.573,0.573,0.573,0.652,0.008,0.34,0.684,0.008,0.308,0.503,0.051,0.446,60,0,80
0.502,0.192,0.306,0.579,0.579,0.579,0.447,0.206,0.347,0.492,0.087,0.421,0.423,0.213,0.364,60,20,100
0.424,0.066,0.51,0.593,0.593,0.593,0.497,0.05,0.453,0.574,0.038,0.388,0.408,0.064,0.528,60,20,80
0.555,0.045,0.4,0.614,0.614,0.614,0.674,0.015,0.311,0.687,0.004,0.309,0.645,0.029,0.326,80,20,60
0.616,0.059,0.325,0.694,0.694,0.694,0.426,0.206,0.368,0.536,0.026,0.438,0.62,0.003,0.377,100,0,60
0.535,0.133,0.332,0.542,0.542,0.542,0.537,0.035,0.428,0.612,0.02,0.368,0.628,0.047,0.325,80,20,40
0.667,0.032,0.301,0.672,0.672,0.672,0.682,0.001,0.317,0.688,0.01,0.302,0.621,0.022,0.357,80,0,40
0.522,0.128,0.35,0.527,0.527,0.527,0.485,0.182,0.333,0.673,0.009,0.318,0.642,0.046,0.312,80,20,60
0.414,0.049,0.537,0.442,0.442,0.442,0.412,0.213,0.375,0.674,0.005,0.321,0.523,0.17,0.307,40,0,80
0.651,0.02,0.329,0.672,0.672,0.672,0.681,0.006,0.313,0.692,0.006,0.302,0.656,0.005,0.339,100,20,40
0.453,0.146,0.401,0.567,0.567,0.567,0.488,0.125,0.387,0.611,0.049,0.34,0.401,0.136,0.463,60,0,100
0.691,0.006,0.303,0.692,0.692,0.692,0.547,0.113,0.34,0.7,0.0,0.3,0.547,0.075,0.378,60,0,100
0.61,0.025,0.365,0.68,0.68,0.68,0.586,0.106,0.308,0.622,0.014,0.364,0.443,0.161,0.396,60,0,80
0.477,0.138,0.385,0.651,0.651,0.651,0.418,0.058,0.524,0.687,0.001,0.312,0.581,0.032,0.387,60,0,100
0.418,0.033,0.549,0.534,0.534,0.534,0.646,0.001,0.353,0.664,0.02,0.316,0.482,0.002,0.516,60,0,80
0.625,0.072,0.303,0.63,0.63,0.63,0.593,0.101,0.306,0.685,0.005,0.31,0.587,0.009,0.404,40,20,100
0.449,0.16,0.391,0.651,0.651,0.651,0.466,0.168,0.366,0.578,0.12,0.302,0.683,0.012,0.305,100,0,60
0.628,0.031,0.341,0.699,0.699,0.699,0.477,0.055,0.468,0.5,0.147,0.353,0.409,0.063,0.528,60,0,80
0.695,0.004,0.301,0.698,0.698,0.698,0.531,0.055,0.414,0.699,0.0,0.301,0.697,0.001,0.302,100,0,60
0.546,0.013,0.441,0.571,0.571,0.571,0.696,0.004,0.3,0.697,0.001,0.302,0.441,0.124,0.435,60,0,100
0.663,0.009,0.328,0.676,0.676,0.676,0.656,0.005,0.339,0.662,0.03,0.308,0.453,0.204,0.343,40,20,100
0.597,0.086,0.317,0.611,0.611,0.611,0.573,0.094,0.333,0.593,0.032,0.375,0.473,0.074,0.453,40,20,80
0.477,0.128,0.395,0.485,0.485,0.485,0.417,0.052,0.531,0.661,0.017,0.322,0.681,0.001,0.318,100,20,40
0.489,0.023,0.488,0.536,0.536,0.536,0.68,0.018,0.302,0.688,0.012,0.3,0.687,0.001,0.312,100,20,40
0.543,0.015,0.442,0.665,0.665,0.665,0.556,0.136,0.308,0.667,0.028,0.305,0.474,0.167,0.359,60,20,100
0.66,0.037,0.303,0.69,0.69,0.69,0.619,0.029,0.352,0.624,0.075,0.301,0.668,0.023,0.309,100,20,40
0.568,0.016,0.416,0.579,0.579,0.579,0.521,0.122,0.357,0.552,0.027,0.421,0.569,0.045,0.386,60,20,80
0.574,0.019,0.407,0.606,0.606,0.606,0.4,0.243,0.357,0.618,0.028,0.354,0.439,0.107,0.454,60,0,100
0.609,0.078,0.313,0.678,0.678,0.678,0.562,0.13,0.308,0.634,0.048,0.318,0.644,0.002,0.354,80,0,40
0.53,0.082,0.388,0.55,0.55,0.55,0.631,0.06,0.309,0.677,0.019,0.304,0.545,0.139,0.316,40,0,100
0.655,0.029,0.316,0.676,0.676,0.676,0.626,0.055,0.319,0.684,0.002,0.314,0.631,0.005,0.364,80,20,60
0.487,0.193,0.32,0.633,0.633,0.633,0.588,0.077,0.335,0.69,0.009,0.301,0.448,0.138,0.414,40,20,100
0.516,0.088,0.396,0.551,0.551,0.551,0.658,0.016,0.326,0.69,0.001,0.309,0.435,0.066,0.499,40,0,100
0.455,0.224,0.321,0.46,0.46,0.46,0.584,0.082,0.334,0.608,0.046,0.346,0.518,0.175,0.307,40,0,100
0.569,0.12,0.311,0.679,0.679,0.679,0.67,0.011,0.319,0.696,0.0,0.304,0.553,0.005,0.442,40,0,80
0.436,0.036,0.528,0.646,0.646,0.646,0.652,0.038,0.31,0.662,0.012,0.326,0.584,0.074,0.342,60,0,80
0.581,0.095,0.324,0.651,0.651,0.651,0.558,0.104,0.338,0.667,0.015,0.318,0.443,0.174,0.383,40,0,100
0.698,0.001,0.301,0.699,0.699,0.699,0.632,0.023,0.345,0.682,0.003,0.315,0.586,0.076,0.338,40,0,80
0.595,0.012,0.393,0.691,0.691,0.691,0.408,0.054,0.538,0.558,0.029,0.413,0.684,0.006,0.31,80,0,60
0.539,0.141,0.32,0.613,0.613,0.613,0.485,0.175,0.34,0.588,0.085,0.327,0.419,0.197,0.384,60,20,80
0.402,0.24,0.358,0.487,0.487,0.487,0.426,0.125,0.449,0.577,0.043,0.38,0.479,0.029,0.492,40,0,80
0.635,0.032,0.333,0.689,0.689,0.689,0.583,0.035,0.382,0.637,0.004,0.359,0.556,0.038,0.406,60,0,80
0.559,0.108,0.333,0.698,0.698,0.698,0.5,0.101,0.399,0.532,0.05,0.418,0.694,0.002,0.304,80,0,60
0.457,0.144,0.399,0.506,0.506,0.506,0.59,0.028,0.382,0.68,0.0,0.32,0.643,0.024,0.333,100,20,40
0.638,0.02,0.342,0.679,0.679,0.679,0.522,0.049,0.429,0.56,0.093,0.347,0.461,0.134,0.405,40,20,100
0.435,0.043,0.522,0.55,0.55,0.55,0.476,0.021,0.503,0.55,0.126,0.324,0.676,0.003,0.321,100,20,60
0.476,0.04,0.484,0.668,0.668,0.668,0.601,0.006,0.393,0.66,0.02,0.32,0.67,0.022,0.308,80,20,60
0.618,0.027,0.355,0.689,0.689,0.689,0.623,0.068,0.309,0.649,0.04,0.311,0.512,0.095,0.393,40,0,100
0.434,0.063,0.503,0.515,0.515,0.515,0.412,0.06,0.528,0.633,0.024,0.343,0.507,0.117,0.376,40,20,100
0.404,0.265,0.331,0.687,0.687,0.687,0.655,0.045,0.3,0.664,0.02,0.316,0.616,0.082,0.302,100,20,40
0.558,0.11,0.332,0.624,0.624,0.624,0.691,0.006,0.303,0.692,0.008,0.3,0.662,0.026,0.312,100,20,60
0.415,0.195,0.39,0.538,0.538,0.538,0.411,0.113,0.476,0.475,0.186,0.339,0.55,0.058,0.392,60,20,80
0.411,0.125,0.464,0.563,0.563,0.563,0.625,0.052,0.323,0.675,0.015,0.31,0.456,0.219,0.325,40,0,100
0.541,0.084,0.375,0.556,0.556,0.556,0.532,0.167,0.301,0.533,0.053,0.414,0.53,0.042,0.428,40,20,80
0.483,0.112,0.405,0.653,0.653,0.653,0.676,0.013,0.311,0.682,0.017,0.301,0.684,0.009,0.307,80,20,60
0.656,0.019,0.325,0.696,0.696,0.696,0.602,0.054,0.344,0.689,0.0,0.311,0.609,0.018,0.373,80,0,40
0.612,0.073,0.315,0.68,0.68,0.68,0.5,0.072,0.428,0.518,0.059,0.423,0.531,0.097,0.372,40,20,80
0.628,0.068,0.304,0.635,0.635,0.635,0.436,0.101,0.463,0.655,0.013,0.332,0.585,0.086,0.329,60,20,100
0.599,0.077,0.324,0.689,0.689,0.689,0.526,0.001,0.473,0.64,0.059,0.301,0.638,0.013,0.349,100,0,40
0.442,0.247,0.311,0.685,0.685,0.685,0.694,0.005,0.301,0.696,0.001,0.303,0.406,0.197,0.397,60,0,100
0.591,0.034,0.375,0.642,0.642,0.642,0.59,0.013,0.397,0.62,0.077,0.303,0.563,0.032,0.405,60,20,100
0.618,0.076,0.306,0.689,0.689,0.689,0.504,0.183,0.313,0.64,0.011,0.349,0.423,0.234,0.343,40,20,80
0.638,0.055,0.307,0.651,0.651,0.651,0.405,0.238,0.357,0.442,0.177,0.381,0.591,0.05,0.359,40,0,80
0.506,0.048,0.446,0.521,0.521,0.521,0.555,0.144,0.301,0.583,0.084,0.333,0.681,0.009,0.31,80,20,60
0.688,0.0,0.312,0.689,0.689,0.689,0.662,0.013,0.325,0.684,0.001,0.315,0.498,0.182,0.32,40,0,100
0.463,0.154,0.383,0.522,0.522,0.522,0.437,0.177,0.386,0.561,0.063,0.376,0.55,0.081,0.369,40,20,100
0.585,0.009,0.406,0.664,0.664,0.664,0.459,0.014,0.527,0.601,0.005,0.394,0.633,0.061,0.306,100,20,40
0.64,0.004,0.356,0.658,0.658,0.658,0.438,0.214,0.348,0.596,0.036,0.368,0.513,0.005,0.482,40,0,100
0.552,0.06,0.388,0.692,0.692,0.692,0.539,0.064,0.397,0.638,0.061,0.301,0.519,0.073,0.408,40,20,100
0.484,0.203,0.313,0.493,0.493,0.493,0.635,0.054,0.311,0.68,0.009,0.311,0.467,0.14,0.393,40,20,100
0.602,0.041,0.357,0.61,0.61,0.61,0.434,0.113,0.453,0.654,0.028,0.318,0.696,0.003,0.301,100,20,60
0.44,0.216,0.344,0.468,0.468,0.468,0.485,0.076,0.439,0.528,0.138,0.334,0.548,0.064,0.388,60,0,100
0.663,0.015,0.322,0.675,0.675,0.675,0.402,0.008,0.59,0.445,0.152,0.403,0.514,0.057,0.429,60,20,100
0.508,0.079,0.413,0.547,0.547,0.547,0.496,0.171,0.333,0.583,0.102,0.315,0.614,0.034,0.352,100,20,40
0.641,0.056,0.303,0.651,0.651,0.651,0.684,0.004,0.312,0.696,0.001,0.303,0.458,0.058,0.484,60,0,100
0.456,0.169,0.375,0.648,0.648,0.648,0.481,0.025,0.494,0.489,0.092,0.419,0.646,0.025,0.329,80,20,60
0.685,0.008,0.307,0.695,0.695,0.695,0.676,0.018,0.306,0.694,0.006,0.3,0.597,0.074,0.329,40,0,100
0.687,0.009,0.304,0.691,0.691,0.691,0.505,0.179,0.316,0.613,0.064,0.323,0.618,0.013,0.369,80,20,40
0.635,0.054,0.311,0.639,0.639,0.639,0.685,0.01,0.305,0.697,0.001,0.302,0.629,0.041,0.33,80,0,40
0.479,0.04,0.481,0.613,0.613,0.613,0.552,0.016,0.432,0.575,0.069,0.356,0.664,0.001,0.335,80,0,40
0.657,0.038,0.305,0.694,0.694,0.694,0.637,0.039,0.324,0.651,0.017,0.332,0.623,0.054,0.323,100,0,60
0.645,0.033,0.322,0.698,0.698,0.698,0.517,0.173,0.31,0.518,0.152,0.33,0.467,0.178,0.355,40,20,100
0.528,0.084,0.388,0.679,0.679,0.679,0.418,0.077,0.505,0.632,0.034,0.334,0.407,0.199,0.394,60,20,100
0.694,0.0,0.306,0.7,0.7,0.7,0.636,0.011,0.353,0.668,0.005,0.327,0.604,0.065,0.331,100,20,60
0.673,0.011,0.316,0.686,0.686,0.686,0.528,0.124,0.348,0.599,0.062,0.339,0.623,0.077,0.3,100,20,60
0.474,0.218,0.308,0.59,0.59,0.59,0.65,0.013,0.337,0.689,0.006,0.305,0.61,0.009,0.381,100,0,60
0.515,0.161,0.324,0.569,0.569,0.569,0.664,0.035,0.301,0.681,0.019,0.3,0.628,0.02,0.352,100,20,40
0.669,0.02,0.311,0.689,0.689,0.689,0.508,0.153,0.339,0.645,0.029,0.326,0.538,0.065,0.397,40,0,80
0.4,0.273,0.327,0.697,0.697,0.697,0.607,0.032,0.361,0.691,0.001,0.308,0.635,0.032,0.333,80,20,60
0.601,0.051,0.348,0.677,0.677,0.677,0.678,0.001,0.321,0.683,0.012,0.305,0.455,0.214,0.331,40,20,100
0.47,0.154,0.376,0.587,0.587,0.587,0.474,0.219,0.307,0.524,0.039,0.437,0.611,0.049,0.34,80,0,60
0.628,0.005,0.367,0.649,0.649,0.649,0.506,0.105,0.389,0.692,0.007,0.301,0.511,0.055,0.434,40,0,80
0.679,0.002,0.319,0.696,0.696,0.696,0.43,0.269,0.301,0.447,0.026,0.527,0.625,0.02,0.355,80,0,40
0.438,0.118,0.444,0.558,0.558,0.558,0.519,0.175,0.306,0.55,0.023,0.427,0.5,0.04,0.46,40,0,80
0.608,0.031,0.361,0.662,0.662,0.662,0.647,0.049,0.304,0.661,0.035,0.304,0.61,0.08,0.31,80,20,60
0.658,0.018,0.324,0.685,0.685,0.685,0.648,0.02,0.332,0.68,0.003,0.317,0.512,0.183,0.305,60,20,100
0.639,0.052,0.309,0.697,0.697,0.697,0.483,0.021,0.496,0.597,0.055,0.348,0.539,0.064,0.397,40,0,80
0.544,0.01,0.446,0.695,0.695,0.695,0.543,0.064,0.393,0.599,0.026,0.375,0.695,0.005,0.3,80,20,60
0.411,0.239,0.35,0.52,0.52,0.52,0.417,0.151,0.432,0.592,0.004,0.404,0.614,0.052,0.334,80,20,40
0.475,0.03,0.495,0.569,0.569,0.569,0.427,0.047,0.526,0.458,0.098,0.444,0.607,0.051,0.342,80,20,60
0.625,0.063,0.312,0.68,0.68,0.68,0.55,0.087,0.363,0.623,0.073,0.304,0.558,0.02,0.422,60,0,80
0.47,0.198,0.332,0.649,0.649,0.649,0.479,0.106,0.415,0.686,0.007,0.307,0.467,0.077,0.456,60,0,100
0.501,0.11,0.389,0.517,0.517,0.517,0.479,0.203,0.318,0.561,0.115,0.324,0.696,0.003,0.301,100,20,40
0.572,0.017,0.411,0.615,0.615,0.615,0.507,0.165,0.328,0.609,0.036,0.355,0.616,0.047,0.337,80,0,60
0.652,0.028,0.32,0.674,0.674,0.674,0.451,0.082,0.467,0.56,0.019,0.421,0.674,0.003,0.323,100,20,40
0.492,0.006,0.502,0.559,0.559,0.559,0.673,0.026,0.301,0.695,0.003,0.302,0.527,0.059,0.414,40,20,100
0.667,0.015,0.318,0.689,0.689,0.689,0.53,0.16,0.31,0.586,0.086,0.328,0.481,0.154,0.365,40,0,100
0.623,0.045,0.332,0.629,0.629,0.629,0.642,0.056,0.302,0.692,0.004,0.304,0.45,0.03,0.52,40,20,80
0.632,0.064,0.304,0.674,0.674,0.674,0.513,0.072,0.415,0.513,0.018,0.469,0.456,0.18,0.364,40,20,100
0.47,0.178,0.352,0.522,0.522,0.522,0.457,0.195,0.348,0.657,0.001,0.342,0.607,0.073,0.32,100,0,60
0.569,0.127,0.304,0.65,0.65,0.65,0.545,0.073,0.382,0.571,0.05,0.379,0.465,0.126,0.409,40,20,100
0.459,0.039,0.502,0.471,0.471,0.471,0.634,0.06,0.306,0.641,0.004,0.355,0.517,0.079,0.404,40,0,80
0.62,0.068,0.312,0.647,0.647,0.647,0.403,0.106,0.491,0.603,0.036,0.361,0.681,0.017,0.302,80,20,40
0.414,0.036,0.55,0.441,0.441,0.441,0.616,0.023,0.361,0.627,0.018,0.355,0.608,0.014,0.378,80,0,40
0.67,0.021,0.309,0.679,0.679,0.679,0.624,0.071,0.305,0.652,0.003,0.345,0.65,0.049,0.301,100,20,60
0.628,0.071,0.301,0.665,0.665,0.665,0.65,0.046,0.304,0.698,0.002,0.3,0.536,0.052,0.412,40,20,80
0.665,0.002,0.333,0.669,0.669,0.669,0.621,0.004,0.375,0.67,0.018,0.312,0.427,0.182,0.391,60,0,80
0.556,0.059,0.385,0.69,0.69,0.69,0.678,0.015,0.307,0.693,0.003,0.304,0.571,0.022,0.407,60,0,80
0.453,0.125,0.422,0.638,0.638,0.638,0.667,0.002,0.331,0.692,0.007,0.301,0.474,0.152,0.374,40,0,100
0.466,0.029,0.505,0.478,0.478,0.478,0.474,0.014,0.512,0.576,0.035,0.389,0.554,0.057,0.389,60,20,80
0.674,0.008,0.318,0.676,0.676,0.676,0.516,0.069,0.415,0.69,0.001,0.309,0.573,0.093,0.334,40,0,100
0.642,0.042,0.316,0.65,0.65,0.65,0.432,0.263,0.305,0.585,0.007,0.408,0.602,0.092,0.306,100,0,60
0.688,0.007,0.305,0.699,0.699,0.699,0.609,0.033,0.358,0.667,0.015,0.318,0.548,0.018,0.434,60,0,100
0.423,0.251,0.326,0.67,0.67,0.67,0.462,0.078,0.46,0.497,0.098,0.405,0.624,0.074,0.302,80,0,60
0.57,0.13,0.3,0.612,0.612,0.612,0.643,0.026,0.331,0.698,0.002,0.3,0.594,0.104,0.302,60,20,100
0.583,0.058,0.359,0.651,0.651,0.651,0.547,0.105,0.348,0.636,0.031,0.333,0.48,0.132,0.388,60,20,100
0.585,0.03,0.385,0.68,0.68,0.68,0.476,0.057,0.467,0.572,0.102,0.326,0.654,0.024,0.322,80,0,60
0.623,0.001,0.376,0.681,0.681,0.681,0.583,0.002,0.415,0.693,0.001,0.306,0.591,0.021,0.388,40,0,100
0.547,0.14,0.313,0.608,0.608,0.608,0.444,0.044,0.512,0.602,0.098,0.3,0.587,0.071,0.342,40,20,80
0.675,0.011,0.314,0.683,0.683,0.683,0.464,0.221,0.315,0.535,0.122,0.343,0.576,0.016,0.408,40,0,100
0.657,0.029,0.314,0.671,0.671,0.671,0.569,0.102,0.329,0.665,0.004,0.331,0.6,0.052,0.348,40,20,80
0.484,0.07,0.446,0.698,0.698,0.698,0.451,0.049,0.5,0.59,0.076,0.334,0.559,0.054,0.387,40,20,100
0.686,0.009,0.305,0.69,0.69,0.69,0.429,0.136,0.435,0.459,0.068,0.473,0.553,0.076,0.371,40,0,100
0.665,0.019,0.316,0.67,0.67,0.67,0.445,0.027,0.528,0.618,0.064,0.318,0.405,0.126,0.469,60,20,100
0.524,0.174,0.302,0.586,0.586,0.586,0.494,0.056,0.45,0.68,0.012,0.308,0.652,0.037,0.311,100,0,60
0.657,0.039,0.304,0.691,0.691,0.691,0.559,0.05,0.391,0.679,0.018,0.303,0.463,0.016,0.521,60,0,100
0.687,0.004,0.309,0.688,0.688,0.688,0.514,0.039,0.447,0.549,0.028,0.423,0.423,0.065,0.512,60,0,100
0.421,0.128,0.451,0.448,0.448,0.448,0.56,0.03,0.41,0.611,0.012,0.377,0.481,0.191,0.328,40,20,100
0.533,0.077,0.39,0.629,0.629,0.629,0.668,0.029,0.303,0.674,0.018,0.308,0.563,0.13,0.307,40,20,80
0.589,0.087,0.324,0.62,0.62,0.62,0.522,0.08,0.398,0.54,0.047,0.413,0.527,0.117,0.356,60,0,80
0.421,0.055,0.524,0.487,0.487,0.487,0.627,0.059,0.314,0.668,0.003,0.329,0.479,0.102,0.419,40,0,80
0.652,0.047,0.301,0.667,0.667,0.667,0.573,0.075,0.352,0.619,0.079,0.302,0.674,0.015,0.311,100,0,40
0.441,0.062,0.497,0.699,0.699,0.699,0.554,0.004,0.442,0.699,0.001,0.3,0.549,0.113,0.338,60,0,100
0.418,0.239,0.343,0.426,0.426,0.426,0.572,0.06,0.368,0.599,0.051,0.35,0.557,0.09,0.353,60,0,100
0.595,0.044,0.361,0.677,0.677,0.677,0.439,0.02,0.541,0.588,0.01,0.402,0.561,0.11,0.329,40,20,100
0.498,0.065,0.437,0.689,0.689,0.689,0.647,0.004,0.349,0.693,0.005,0.302,0.456,0.097,0.447,60,20,100
0.568,0.117,0.315,0.65,0.65,0.65,0.513,0.006,0.481,0.616,0.082,0.302,0.676,0.024,0.3,100,20,40
0.504,0.166,0.33,0.654,0.654,0.654,0.595,0.086,0.319,0.596,0.019,0.385,0.666,0.023,0.311,80,0,40
0.536,0.067,0.397,0.576,0.576,0.576,0.526,0.04,0.434,0.641,0.058,0.301,0.418,0.081,0.501,60,0,80
0.567,0.065,0.368,0.647,0.647,0.647,0.603,0.092,0.305,0.652,0.02,0.328,0.4,0.187,0.413,40,20,100
0.43,0.063,0.507,0.606,0.606,0.606,0.547,0.05,0.403,0.6,0.072,0.328,0.476,0.043,0.481,40,0,100
0.427,0.233,0.34,0.625,0.625,0.625,0.616,0.043,0.341,0.669,0.025,0.306,0.54,0.042,0.418,60,20,80
0.643,0.048,0.309,0.697,0.697,0.697,0.472,0.029,0.499,0.587,0.044,0.369,0.477,0.029,0.494,40,20,100
0.414,0.039,0.547,0.539,0.539,0.539,0.681,0.01,0.309,0.686,0.0,0.314,0.684,0.011,0.305,80,20,60
0.519,0.009,0.472,0.625,0.625,0.625,0.582,0.037,0.381,0.657,0.009,0.334,0.562,0.048,0.39,60,20,80
0.543,0.07,0.387,0.617,0.617,0.617,0.561,0.112,0.327,0.586,0.066,0.348,0.403,0.157,0.44,40,20,100
0.683,0.0,0.317,0.689,0.689,0.689,0.417,0.039,0.544,0.476,0.022,0.502,0.632,0.048,0.32,80,20,60
0.618,0.013,0.369,0.634,0.634,0.634,0.418,0.038,0.544,0.543,0.029,0.428,0.68,0.009,0.311,80,20,40
0.482,0.076,0.442,0.578,0.578,0.578,0.445,0.151,0.404,0.662,0.021,0.317,0.637,0.005,0.358,100,0,40
0.595,0.042,0.363,0.667,0.667,0.667,0.496,0.051,0.453,0.579,0.024,0.397,0.586,0.095,0.319,40,20,80
0.488,0.116,0.396,0.632,0.632,0.632,0.424,0.235,0.341,0.519,0.001,0.48,0.508,0.153,0.339,40,0,80
0.515,0.126,0.359,0.614,0.614,0.614,0.659,0.016,0.325,0.696,0.001,0.303,0.51,0.062,0.428,60,20,100
0.443,0.008,0.549,0.644,0.644,0.644,0.667,0.013,0.32,0.699,0.001,0.3,0.657,0.016,0.327,80,0,60
0.644,0.032,0.324,0.653,0.653,0.653,0.694,0.004,0.302,0.697,0.001,0.302,0.475,0.155,0.37,40,20,80
0.423,0.238,0.339,0.473,0.473,0.473,0.566,0.114,0.32,0.651,0.027,0.322,0.408,0.198,0.394,40,0,100
0.454,0.021,0.525,0.643,0.643,0.643,0.45,0.112,0.438,0.523,0.075,0.402,0.68,0.015,0.305,80,20,40
0.648,0.034,0.318,0.686,0.686,0.686,0.424,0.246,0.33,0.51,0.173,0.317,0.568,0.131,0.301,60,0,100
0.496,0.028,0.476,0.52,0.52,0.52,0.582,0.066,0.352,0.59,0.014,0.396,0.586,0.065,0.349,40,20,80
0.55,0.066,0.384,0.646,0.646,0.646,0.66,0.031,0.309,0.675,0.005,0.32,0.617,0.043,0.34,80,0,60
0.546,0.14,0.314,0.683,0.683,0.683,0.655,0.03,0.315,0.69,0.005,0.305,0.58,0.023,0.397,60,20,80
0.614,0.038,0.348,0.694,0.694,0.694,0.506,0.041,0.453,0.541,0.131,0.328,0.663,0.028,0.309,80,20,60
0.661,0.022,0.317,0.696,0.696,0.696,0.639,0.011,0.35,0.66,0.008,0.332,0.473,0.014,0.513,40,20,80
0.659,0.028,0.313,0.665,0.665,0.665,0.435,0.19,0.375,0.64,0.053,0.307,0.497,0.068,0.435,40,20,80
0.695,0.003,0.302,0.698,0.698,0.698,0.561,0.102,0.337,0.659,0.011,0.33,0.618,0.009,0.373,80,20,60
0.403,0.09,0.507,0.63,0.63,0.63,0.434,0.051,0.515,0.473,0.111,0.416,0.634,0.015,0.351,80,0,60
0.549,0.037,0.414,0.687,0.687,0.687,0.564,0.01,0.426,0.697,0.0,0.303,0.527,0.128,0.345,40,20,80
0.456,0.221,0.323,0.481,0.481,0.481,0.432,0.056,0.512,0.651,0.01,0.339,0.694,0.005,0.301,100,0,40
0.478,0.046,0.476,0.666,0.666,0.666,0.575,0.06,0.365,0.648,0.045,0.307,0.504,0.013,0.483,40,20,80
0.569,0.041,0.39,0.634,0.634,0.634,0.591,0.031,0.378,0.63,0.055,0.315,0.628,0.012,0.36,80,20,40
0.606,0.073,0.321,0.647,0.647,0.647,0.607,0.065,0.328,0.671,0.017,0.312,0.643,0.047,0.31,80,0,60
0.546,0.102,0.352,0.55,0.55,0.55,0.487,0.094,0.419,0.499,0.179,0.322,0.684,0.005,0.311,100,0,60
0.558,0.092,0.35,0.69,0.69,0.69,0.425,0.045,0.53,0.582,0.075,0.343,0.576,0.02,0.404,40,0,80
0.473,0.099,0.428,0.541,0.541,0.541,0.681,0.01,0.309,0.696,0.002,0.302,0.413,0.013,0.574,40,20,100
0.555,0.046,0.399,0.696,0.696,0.696,0.489,0.062,0.449,0.597,0.038,0.365,0.668,0.017,0.315,80,20,60
0.421,0.182,0.397,0.49,0.49,0.49,0.506,0.149,0.345,0.675,0.008,0.317,0.513,0.145,0.342,40,0,100
0.43,0.245,0.325,0.682,0.682,0.682,0.518,0.092,0.39,0.59,0.059,0.351,0.416,0.145,0.439,40,0,80
0.601,0.089,0.31,0.677,0.677,0.677,0.44,0.238,0.322,0.644,0.002,0.354,0.589,0.034,0.377,60,20,100
0.691,0.001,0.308,0.699,0.699,0.699,0.52,0.112,0.368,0.659,0.011,0.33,0.664,0.036,0.3,80,20,60
0.487,0.194,0.319,0.634,0.634,0.634,0.476,0.003,0.521,0.591,0.057,0.352,0.428,0.105,0.467,40,20,80
0.583,0.015,0.402,0.605,0.605,0.605,0.479,0.148,0.373,0.553,0.087,0.36,0.695,0.003,0.302,80,20,40
0.543,0.078,0.379,0.547,0.547,0.547,0.52,0.139,0.341,0.538,0.091,0.371,0.684,0.012,0.304,80,0,60
0.606,0.011,0.383,0.63,0.63,0.63,0.466,0.207,0.327,0.589,0.042,0.369,0.414,0.011,0.575,40,20,80
0.612,0.012,0.376,0.617,0.617,0.617,0.561,0.01,0.429,0.699,0.001,0.3,0.64,0.025,0.335,100,0,40
0.558,0.082,0.36,0.659,0.659,0.659,0.57,0.081,0.349,0.584,0.014,0.402,0.497,0.196,0.307,40,0,80
0.619,0.045,0.336,0.685,0.685,0.685,0.406,0.212,0.382,0.694,0.004,0.302,0.424,0.151,0.425,40,20,100
0.68,0.013,0.307,0.695,0.695,0.695,0.497,0.042,0.461,0.568,0.05,0.382,0.489,0.204,0.307,40,20,80
0.685,0.012,0.303,0.687,0.687,0.687,0.592,0.044,0.364,0.664,0.005,0.331,0.48,0.084,0.436,60,20,80
0.695,0.003,0.302,0.697,0.697,0.697,0.627,0.008,0.365,0.688,0.004,0.308,0.475,0.188,0.337,60,0,100
0.671,0.001,0.328,0.685,0.685,0.685,0.412,0.265,0.323,0.629,0.031,0.34,0.479,0.185,0.336,60,20,80
0.407,0.076,0.517,0.486,0.486,0.486,0.591,0.08,0.329,0.598,0.081,0.321,0.564,0.099,0.337,40,0,80
0.512,0.139,0.349,0.589,0.589,0.589,0.624,0.075,0.301,0.696,0.002,0.302,0.626,0.025,0.349,80,0,40
0.419,0.008,0.573,0.555,0.555,0.555,0.551,0.022,0.427,0.568,0.041,0.391,0.546,0.01,0.444,60,0,80
0.457,0.219,0.324,0.693,0.693,0.693,0.695,0.001,0.304,0.698,0.001,0.301,0.529,0.046,0.425,60,20,80
0.579,0.013,0.408,0.67,0.67,0.67,0.473,0.081,0.446,0.483,0.036,0.481,0.633,0.035,0.332,80,0,60
0.644,0.023,0.333,0.678,0.678,0.678,0.568,0.045,0.387,0.59,0.042,0.368,0.674,0.003,0.323,80,0,40
0.637,0.057,0.306,0.645,0.645,0.645,0.515,0.152,0.333,0.633,0.034,0.333,0.501,0.143,0.356,60,0,100
0.529,0.129,0.342,0.583,0.583,0.583,0.584,0.036,0.38,0.637,0.048,0.315,0.688,0.0,0.312,80,0,40
0.475,0.109,0.416,0.526,0.526,0.526,0.412,0.142,0.446,0.565,0.116,0.319,0.685,0.005,0.31,80,0,40
0.626,0.036,0.338,0.694,0.694,0.694,0.623,0.032,0.345,0.686,0.012,0.302,0.526,0.098,0.376,60,20,80
0.592,0.029,0.379,0.633,0.633,0.633,0.689,0.002,0.309,0.694,0.001,0.305,0.465,0.076,0.459,60,0,100
0.421,0.043,0.536,0.576,0.576,0.576,0.435,0.156,0.409,0.694,0.006,0.3,0.53,0.137,0.333,40,20,80
0.586,0.109,0.305,0.605,0.605,0.605,0.665,0.009,0.326,0.7,0.0,0.3,0.69,0.006,0.304,100,20,60
0.568,0.02,0.412,0.66,0.66,0.66,0.638,0.015,0.347,0.669,0.011,0.32,0.537,0.025,0.438,40,20,80
0.457,0.08,0.463,0.641,0.641,0.641,0.675,0.021,0.304,0.682,0.011,0.307,0.438,0.147,0.415,60,20,80
0.614,0.065,0.321,0.696,0.696,0.696,0.678,0.016,0.306,0.699,0.001,0.3,0.491,0.049,0.46,60,20,100
0.438,0.146,0.416,0.488,0.488,0.488,0.422,0.067,0.511,0.456,0.005,0.539,0.425,0.064,0.511,60,20,100
0.446,0.101,0.453,0.7,0.7,0.7,0.522,0.003,0.475,0.638,0.056,0.306,0.694,0.003,0.303,100,0,60
0.485,0.065,0.45,0.659,0.659,0.659,0.479,0.192,0.329,0.658,0.035,0.307,0.663,0.014,0.323,100,20,60
0.489,0.197,0.314,0.598,0.598,0.598,0.587,0.044,0.369,0.658,0.006,0.336,0.46,0.122,0.418,40,0,100
0.486,0.031,0.483,0.657,0.657,0.657,0.54,0.132,0.328,0.62,0.068,0.312,0.507,0.18,0.313,60,0,80
0.522,0.162,0.316,0.671,0.671,0.671,0.563,0.101,0.336,0.65,0.039,0.311,0.483,0.073,0.444,40,20,100
0.43,0.174,0.396,0.641,0.641,0.641,0.599,0.036,0.365,0.625,0.068,0.307,0.495,0.048,0.457,60,0,80
0.57,0.042,0.388,0.683,0.683,0.683,0.699,0.001,0.3,0.7,0.0,0.3,0.674,0.011,0.315,100,0,60
0.446,0.11,0.444,0.677,0.677,0.677,0.411,0.045,0.544,0.53,0.062,0.408,0.605,0.022,0.373,100,0,40
0.42,0.078,0.502,0.613,0.613,0.613,0.49,0.193,0.317,0.658,0.012,0.33,0.447,0.065,0.488,40,20,80
0.476,0.113,0.411,0.59,0.59,0.59,0.594,0.096,0.31,0.616,0.055,0.329,0.478,0.211,0.311,40,0,80
0.453,0.069,0.478,0.648,0.648,0.648,0.683,0.01,0.307,0.689,0.005,0.306,0.603,0.077,0.32,80,20,60
0.676,0.007,0.317,0.681,0.681,0.681,0.532,0.022,0.446,0.566,0.107,0.327,0.445,0.227,0.328,60,20,100
0.529,0.099,0.372,0.678,0.678,0.678,0.448,0.043,0.509,0.694,0.002,0.304,0.571,0.128,0.301,60,20,100
0.584,0.058,0.358,0.647,0.647,0.647,0.649,0.025,0.326,0.697,0.0,0.303,0.51,0.188,0.302,60,0,80
0.56,0.008,0.432,0.584,0.584,0.584,0.585,0.039,0.376,0.674,0.025,0.301,0.495,0.187,0.318,60,20,100
0.517,0.028,0.455,0.685,0.685,0.685,0.479,0.03,0.491,0.562,0.058,0.38,0.516,0.084,0.4,60,0,100
0.654,0.017,0.329,0.693,0.693,0.693,0.403,0.047,0.55,0.453,0.23,0.317,0.496,0.098,0.406,40,0,100
0.459,0.175,0.366,0.552,0.552,0.552,0.559,0.002,0.439,0.665,0.018,0.317,0.593,0.027,0.38,60,0,100
0.598,0.047,0.355,0.62,0.62,0.62,0.697,0.0,0.303,0.699,0.0,0.301,0.453,0.151,0.396,60,20,80
0.597,0.027,0.376,0.647,0.647,0.647,0.426,0.205,0.369,0.49,0.104,0.406,0.656,0.03,0.314,100,20,60
0.459,0.173,0.368,0.503,0.503,0.503,0.678,0.01,0.312,0.693,0.001,0.306,0.403,0.094,0.503,60,0,80
0.561,0.024,0.415,0.574,0.574,0.574,0.584,0.087,0.329,0.634,0.029,0.337,0.594,0.036,0.37,40,20,100
0.487,0.104,0.409,0.589,0.589,0.589,0.423,0.123,0.454,0.628,0.065,0.307,0.49,0.05,0.46,60,0,100
0.552,0.048,0.4,0.563,0.563,0.563,0.428,0.066,0.506,0.487,0.018,0.495,0.413,0.216,0.371,60,20,80
0.545,0.042,0.413,0.573,0.573,0.573,0.624,0.023,0.353,0.637,0.01,0.353,0.466,0.218,0.316,60,0,80
0.433,0.13,0.437,0.601,0.601,0.601,0.421,0.137,0.442,0.545,0.079,0.376,0.569,0.026,0.405,40,20,100
0.416,0.184,0.4,0.651,0.651,0.651,0.481,0.106,0.413,0.532,0.066,0.402,0.405,0.157,0.438,60,0,100
0.676,0.013,0.311,0.689,0.689,0.689,0.468,0.137,0.395,0.543,0.12,0.337,0.447,0.01,0.543,60,20,100
0.673,0.001,0.326,0.7,0.7,0.7,0.586,0.009,0.405,0.606,0.04,0.354,0.477,0.17,0.353,60,20,80
0.487,0.148,0.365,0.655,0.655,0.655,0.548,0.018,0.434,0.7,0.0,0.3,0.523,0.114,0.363,60,0,80
0.533,0.114,0.353,0.579,0.579,0.579,0.499,0.014,0.487,0.527,0.165,0.308,0.537,0.029,0.434,60,20,80
0.519,0.128,0.353,0.56,0.56,0.56,0.521,0.026,0.453,0.561,0.006,0.433,0.614,0.071,0.315,100,20,60
0.631,0.064,0.305,0.657,0.657,0.657,0.499,0.188,0.313,0.521,0.124,0.355,0.425,0.24,0.335,60,0,100
0.54,0.088,0.372,0.683,0.683,0.683,0.501,0.128,0.371,0.616,0.061,0.323,0.651,0.02,0.329,80,20,40
0.647,0.028,0.325,0.656,0.656,0.656,0.618,0.054,0.328,0.64,0.048,0.312,0.617,0.055,0.328,80,0,40
0.613,0.038,0.349,0.645,0.645,0.645,0.602,0.031,0.367,0.648,0.007,0.345,0.479,0.014,0.507,40,20,80
0.593,0.052,0.355,0.637,0.637,0.637,0.473,0.152,0.375,0.596,0.066,0.338,0.654,0.015,0.331,80,0,60
0.669,0.008,0.323,0.696,0.696,0.696,0.447,0.057,0.496,0.6,0.059,0.341,0.694,0.005,0.301,100,0,60
0.414,0.032,0.554,0.546,0.546,0.546,0.564,0.07,0.366,0.682,0.012,0.306,0.564,0.002,0.434,60,0,100
0.617,0.027,0.356,0.652,0.652,0.652,0.556,0.087,0.357,0.568,0.123,0.309,0.421,0.272,0.307,60,0,100
0.56,0.038,0.402,0.659,0.659,0.659,0.659,0.014,0.327,0.696,0.0,0.304,0.401,0.135,0.464,40,0,100
0.637,0.019,0.344,0.676,0.676,0.676,0.685,0.006,0.309,0.687,0.007,0.306,0.593,0.049,0.358,60,20,80
0.434,0.209,0.357,0.565,0.565,0.565,0.464,0.032,0.504,0.674,0.004,0.322,0.655,0.01,0.335,80,0,60
0.544,0.109,0.347,0.574,0.574,0.574,0.465,0.049,0.486,0.665,0.011,0.324,0.467,0.043,0.49,40,20,100
0.465,0.04,0.495,0.501,0.501,0.501,0.48,0.147,0.373,0.643,0.013,0.344,0.573,0.038,0.389,60,0,80
0.656,0.019,0.325,0.658,0.658,0.658,0.441,0.174,0.385,0.465,0.165,0.37,0.469,0.133,0.398,60,0,100
0.557,0.072,0.371,0.566,0.566,0.566,0.46,0.017,0.523,0.493,0.118,0.389,0.41,0.113,0.477,60,20,100
0.449,0.003,0.548,0.576,0.576,0.576,0.654,0.026,0.32,0.672,0.028,0.3,0.57,0.017,0.413,60,20,80
0.505,0.154,0.341,0.595,0.595,0.595,0.446,0.189,0.365,0.451,0.007,0.542,0.428,0.169,0.403,40,20,100
0.592,0.027,0.381,0.697,0.697,0.697,0.565,0.102,0.333,0.666,0.011,0.323,0.58,0.118,0.302,60,0,100
0.567,0.101,0.332,0.591,0.591,0.591,0.546,0.145,0.309,0.682,0.002,0.316,0.646,0.024,0.33,80,20,40
0.447,0.164,0.389,0.669,0.669,0.669,0.66,0.007,0.333,0.689,0.001,0.31,0.411,0.066,0.523,40,20,80
0.649,0.031,0.32,0.684,0.684,0.684,0.588,0.019,0.393,0.635,0.018,0.347,0.659,0.021,0.32,100,20,40
0.444,0.184,0.372,0.527,0.527,0.527,0.625,0.015,0.36,0.694,0.002,0.304,0.41,0.085,0.505,40,20,80
0.527,0.135,0.338,0.569,0.569,0.569,0.559,0.014,0.427,0.681,0.016,0.303,0.435,0.022,0.543,60,20,80
0.586,0.005,0.409,0.6,0.6,0.6,0.671,0.01,0.319,0.681,0.014,0.305,0.628,0.044,0.328,100,0,60
0.517,0.033,0.45,0.643,0.643,0.643,0.692,0.006,0.302,0.698,0.0,0.302,0.567,0.018,0.415,60,20,80
0.674,0.019,0.307,0.678,0.678,0.678,0.509,0.088,0.403,0.697,0.002,0.301,0.556,0.14,0.304,60,20,100
0.407,0.158,0.435,0.686,0.686,0.686,0.669,0.003,0.328,0.698,0.0,0.302,0.471,0.173,0.356,60,20,100
0.696,0.002,0.302,0.699,0.699,0.699,0.666,0.021,0.313,0.696,0.003,0.301,0.426,0.049,0.525,40,20,100
0.451,0.097,0.452,0.686,0.686,0.686,0.41,0.266,0.324,0.646,0.029,0.325,0.688,0.009,0.303,100,20,40
0.585,0.015,0.4,0.669,0.669,0.669,0.685,0.002,0.313,0.688,0.01,0.302,0.441,0.014,0.545,60,20,100
0.412,0.204,0.384,0.593,0.593,0.593,0.647,0.048,0.305,0.693,0.007,0.3,0.686,0.008,0.306,80,20,40
0.698,0.001,0.301,0.699,0.699,0.699,0.516,0.096,0.388,0.539,0.096,0.365,0.524,0.051,0.425,40,20,80
0.494,0.13,0.376,0.638,0.638,0.638,0.587,0.012,0.401,0.669,0.014,0.317,0.499,0.02,0.481,60,20,80
0.53,0.065,0.405,0.605,0.605,0.605,0.467,0.172,0.361,0.694,0.005,0.301,0.654,0.014,0.332,100,0,60
0.483,0.175,0.342,0.575,0.575,0.575,0.587,0.068,0.345,0.646,0.03,0.324,0.542,0.051,0.407,40,20,80
0.544,0.148,0.308,0.607,0.607,0.607,0.578,0.079,0.343,0.632,0.026,0.342,0.527,0.024,0.449,40,20,100
0.532,0.119,0.349,0.544,0.544,0.544,0.573,0.125,0.302,0.584,0.063,0.353,0.694,0.005,0.301,100,0,60
0.672,0.006,0.322,0.697,0.697,0.697,0.494,0.001,0.505,0.531,0.015,0.454,0.606,0.027,0.367,80,0,60
0.545,0.048,0.407,0.67,0.67,0.67,0.409,0.255,0.336,0.546,0.008,0.446,0.614,0.038,0.348,80,20,40
0.679,0.011,0.31,0.694,0.694,0.694,0.683,0.015,0.302,0.689,0.003,0.308,0.41,0.288,0.302,40,0,80
0.513,0.145,0.342,0.575,0.575,0.575,0.617,0.01,0.373,0.692,0.008,0.3,0.46,0.075,0.465,40,20,100
0.484,0.182,0.334,0.679,0.679,0.679,0.547,0.072,0.381,0.651,0.018,0.331,0.529,0.167,0.304,40,20,100
0.48,0.079,0.441,0.585,0.585,0.585,0.632,0.051,0.317,0.699,0.001,0.3,0.682,0.012,0.306,80,0,60
0.674,0.022,0.304,0.696,0.696,0.696,0.56,0.034,0.406,0.599,0.015,0.386,0.428,0.242,0.33,40,20,80
0.596,0.011,0.393,0.638,0.638,0.638,0.621,0.019,0.36,0.633,0.066,0.301,0.564,0.123,0.313,40,20,100
0.435,0.255,0.31,0.63,0.63,0.63,0.654,0.018,0.328,0.691,0.008,0.301,0.573,0.011,0.416,60,0,80
0.556,0.035,0.409,0.608,0.608,0.608,0.672,0.014,0.314,0.677,0.006,0.317,0.541,0.111,0.348,60,0,100
0.5,0.182,0.318,0.607,0.607,0.607,0.68,0.012,0.308,0.687,0.007,0.306,0.436,0.063,0.501,60,0,80
0.483,0.105,0.412,0.503,0.503,0.503,0.665,0.027,0.308,0.666,0.018,0.316,0.544,0.085,0.371,40,0,80
0.674,0.024,0.302,0.684,0.684,0.684,0.499,0.157,0.344,0.619,0.01,0.371,0.668,0.001,0.331,80,20,60
0.532,0.118,0.35,0.6,0.6,0.6,0.617,0.003,0.38,0.63,0.031,0.339,0.444,0.056,0.5,60,20,80
0.402,0.004,0.594,0.514,0.514,0.514,0.581,0.119,0.3,0.624,0.053,0.323,0.45,0.237,0.313,60,0,100
0.605,0.003,0.392,0.693,0.693,0.693,0.516,0.143,0.341,0.636,0.011,0.353,0.515,0.005,0.48,60,0,80
0.563,0.038,0.399,0.693,0.693,0.693,0.404,0.088,0.508,0.479,0.121,0.4,0.444,0.019,0.537,40,0,80
0.486,0.093,0.421,0.525,0.525,0.525,0.665,0.01,0.325,0.671,0.025,0.304,0.629,0.038,0.333,80,20,60
0.694,0.0,0.306,0.697,0.697,0.697,0.695,0.004,0.301,0.697,0.003,0.3,0.673,0.006,0.321,80,0,60
0.577,0.03,0.393,0.653,0.653,0.653,0.522,0.172,0.306,0.694,0.003,0.303,0.435,0.036,0.529,40,20,80
0.627,0.064,0.309,0.638,0.638,0.638,0.464,0.105,0.431,0.636,0.021,0.343,0.411,0.046,0.543,40,20,80
0.592,0.013,0.395,0.669,0.669,0.669,0.574,0.068,0.358,0.677,0.013,0.31,0.666,0.0,0.334,100,0,40
0.505,0.078,0.417,0.67,0.67,0.67,0.572,0.113,0.315,0.67,0.007,0.323,0.526,0.048,0.426,60,0,100
0.51,0.079,0.411,0.6,0.6,0.6,0.561,0.072,0.367,0.604,0.01,0.386,0.588,0.004,0.408,60,20,100
0.467,0.205,0.328,0.619,0.619,0.619,0.626,0.023,0.351,0.644,0.05,0.306,0.537,0.133,0.33,40,0,80
0.419,0.211,0.37,0.437,0.437,0.437,0.661,0.024,0.315,0.687,0.013,0.3,0.553,0.129,0.318,60,20,80
0.627,0.051,0.322,0.627,0.627,0.627,0.661,0.037,0.302,0.677,0.011,0.312,0.596,0.047,0.357,40,0,100
0.492,0.167,0.341,0.525,0.525,0.525,0.695,0.004,0.301,0.696,0.002,0.302,0.504,0.162,0.334,40,0,80
0.411,0.176,0.413,0.47,0.47,0.47,0.544,0.13,0.326,0.555,0.099,0.346,0.441,0.215,0.344,40,0,100
0.635,0.039,0.326,0.69,0.69,0.69,0.526,0.006,0.468,0.575,0.071,0.354,0.416,0.221,0.363,40,20,100
0.438,0.087,0.475,0.605,0.605,0.605,0.549,0.108,0.343,0.615,0.05,0.335,0.66,0.015,0.325,80,20,40
0.522,0.026,0.452,0.582,0.582,0.582,0.575,0.064,0.361,0.673,0.014,0.313,0.695,0.002,0.303,100,20,60
0.452,0.039,0.509,0.546,0.546,0.546,0.566,0.085,0.349,0.591,0.078,0.331,0.684,0.016,0.3,80,0,60
0.454,0.209,0.337,0.564,0.564,0.564,0.571,0.104,0.325,0.58,0.04,0.38,0.418,0.033,0.549,40,0,100
0.67,0.012,0.318,0.687,0.687,0.687,0.637,0.029,0.334,0.658,0.0,0.342,0.628,0.0,0.372,80,20,60
0.446,0.024,0.53,0.614,0.614,0.614,0.511,0.155,0.334,0.551,0.123,0.326,0.498,0.056,0.446,60,20,100
0.522,0.175,0.303,0.569,0.569,0.569,0.541,0.083,0.376,0.588,0.09,0.322,0.418,0.204,0.378,40,20,80
0.561,0.08,0.359,0.622,0.622,0.622,0.636,0.049,0.315,0.676,0.01,0.314,0.654,0.017,0.329,80,0,40
0.668,0.01,0.322,0.668,0.668,0.668,0.534,0.159,0.307,0.69,0.007,0.303,0.512,0.077,0.411,60,20,100
0.602,0.082,0.316,0.63,0.63,0.63,0.631,0.006,0.363,0.663,0.032,0.305,0.679,0.014,0.307,100,20,60
0.532,0.103,0.365,0.678,0.678,0.678,0.456,0.19,0.354,0.597,0.097,0.306,0.405,0.163,0.432,60,20,100
0.655,0.011,0.334,0.656,0.656,0.656,0.442,0.097,0.461,0.682,0.0,0.318,0.521,0.019,0.46,40,0,100
0.637,0.062,0.301,0.65,0.65,0.65,0.42,0.038,0.542,0.47,0.058,0.472,0.494,0.11,0.396,60,0,100
0.549,0.061,0.39,0.566,0.566,0.566,0.625,0.068,0.307,0.631,0.034,0.335,0.403,0.277,0.32,40,0,80
0.606,0.042,0.352,0.628,0.628,0.628,0.492,0.053,0.455,0.649,0.048,0.303,0.541,0.107,0.352,40,20,100
0.401,0.116,0.483,0.449,0.449,0.449,0.415,0.021,0.564,0.538,0.097,0.365,0.592,0.074,0.334,60,0,80
0.588,0.087,0.325,0.611,0.611,0.611,0.544,0.156,0.3,0.653,0.044,0.303,0.599,0.066,0.335,60,20,100
0.46,0.077,0.463,0.469,0.469,0.469,0.417,0.256,0.327,0.633,0.052,0.315,0.501,0.162,0.337,60,0,80
0.409,0.117,0.474,0.692,0.692,0.692,0.661,0.01,0.329,0.666,0.017,0.317,0.516,0.106,0.378,60,0,80
0.69,0.002,0.308,0.696,0.696,0.696,0.417,0.165,0.418,0.539,0.116,0.345,0.629,0.061,0.31,80,0,40
0.683,0.011,0.306,0.69,0.69,0.69,0.62,0.062,0.318,0.665,0.025,0.31,0.486,0.203,0.311,40,0,100
0.692,0.007,0.301,0.697,0.697,0.697,0.695,0.001,0.304,0.698,0.002,0.3,0.588,0.047,0.365,40,0,100
0.619,0.015,0.366,0.675,0.675,0.675,0.668,0.023,0.309,0.693,0.005,0.302,0.461,0.187,0.352,60,0,100
0.57,0.102,0.328,0.613,0.613,0.613,0.529,0.111,0.36,0.625,0.016,0.359,0.596,0.02,0.384,60,20,80
0.619,0.061,0.32,0.633,0.633,0.633,0.451,0.2,0.349,0.588,0.106,0.306,0.584,0.022,0.394,40,20,80
0.622,0.05,0.328,0.629,0.629,0.629,0.494,0.004,0.502,0.667,0.029,0.304,0.672,0.015,0.313,80,20,60
0.437,0.081,0.482,0.504,0.504,0.504,0.608,0.043,0.349,0.642,0.005,0.353,0.621,0.015,0.364,80,0,60
0.412,0.26,0.328,0.688,0.688,0.688,0.623,0.061,0.316,0.625,0.067,0.308,0.42,0.223,0.357,60,20,100
0.484,0.196,0.32,0.602,0.602,0.602,0.542,0.045,0.413,0.596,0.017,0.387,0.452,0.012,0.536,40,0,80
0.573,0.042,0.385,0.677,0.677,0.677,0.64,0.013,0.347,0.659,0.041,0.3,0.431,0.025,0.544,60,0,80
0.69,0.009,0.301,0.696,0.696,0.696,0.427,0.085,0.488,0.562,0.085,0.353,0.54,0.15,0.31,40,20,100
0.562,0.033,0.405,0.687,0.687,0.687,0.679,0.017,0.304,0.687,0.002,0.311,0.687,0.0,0.313,80,20,40
0.415,0.176,0.409,0.645,0.645,0.645,0.544,0.01,0.446,0.575,0.037,0.388,0.538,0.069,0.393,40,0,80
0.465,0.187,0.348,0.505,0.505,0.505,0.61,0.082,0.308,0.643,0.021,0.336,0.696,0.0,0.304,100,20,40